session,protocol,src-address,src-port,dst-address,dst-port,flow,service,tcp-state,resolved,mark,cc,asn,threat,description,modified,validation_name
2023-11-30_14-46-44,udp,175.103.46.158,62473,5.181.178.48,8910,OUT.bound,manyone-http,,,speedtest.c,US,AS35913 dedipath,LCIA:HoneyNet:2022,,2023-01-30T23:00:04.143000,
2023-11-30_14-46-44,tcp,43.134.120.219,799,175.103.46.158,45958,IN.bound,,established,,speedtest.c,SG,AS132203 tencent building  kejizhongyi avenue,,,,
2023-11-30_14-46-44,tcp,175.103.46.158,42048,31.13.68.61,443,OUT.bound,https,established,,speedtest.c,SG,AS32934 facebook  inc.,,,,Whitelisted IP
2023-11-30_14-46-44,tcp,175.103.46.158,49436,20.198.119.84,443,OUT.bound,https,established,,speedtest.c,IN,AS8075 microsoft corporation,,,,Cloud Provider IP range
2023-11-30_14-46-44,udp,175.103.46.158,5678,255.255.255.255,5678,broadcast,rrac,,,speedtest.c,,,,,,
2023-11-30_14-46-44,tcp,153.0.155.5,38066,175.103.46.159,8088,IN.bound,,syn-sent,,,CN,AS4837 china unicom china169 backbone,ETIC Cybersecurity 2023-11-30 Port Scan,,2023-11-30T07:42:38.202000,
2023-11-30_14-46-44,tcp,43.128.74.37,799,175.103.46.158,41506,IN.bound,,close-wait,,speedtest.c,SG,AS132203 tencent building  kejizhongyi avenue,,,,
2023-11-30_14-46-44,tcp,175.103.46.158,65445,31.13.68.60,443,OUT.bound,https,established,,speedtest.c,SG,AS32934 facebook  inc.,,,,Whitelisted IP
2023-11-30_14-46-44,tcp,175.103.46.158,54019,20.198.119.143,443,OUT.bound,https,established,,speedtest.c,IN,AS8075 microsoft corporation,,,,Cloud Provider IP range
2023-11-30_14-46-44,udp,175.103.46.158,50951,216.239.38.120,443,OUT.bound,https,,,speedtest.c,US,AS15169 google llc,Remcos RAT,Remcos (acronym of Remote Control & Surveillance Software) is a Remote Access Software used to remot,2022-10-02T11:03:36.202000,Whitelisted IP
2023-11-30_14-46-44,tcp,175.103.46.158,58464,31.13.68.61,443,OUT.bound,https,established,,speedtest.c,SG,AS32934 facebook  inc.,,,,Whitelisted IP
2023-11-30_14-46-44,tcp,175.103.46.158,35788,172.67.70.70,443,OUT.bound,https,established,,speedtest.c,US,AS13335 cloudflare,,,,CDN IP ranges
2023-11-30_14-46-44,tcp,175.103.46.158,46344,43.133.45.194,799,OUT.bound,,established,,speedtest.c,SG,AS132203 tencent building  kejizhongyi avenue,,,,
2023-11-30_14-46-44,udp,175.103.46.158,62473,206.84.112.27,8610,OUT.bound,canon-mfnp,,,speedtest.c,ID,AS64315 pt mitra visioner pratama,,,,
2023-11-30_14-46-44,tcp,175.103.46.158,61967,31.13.95.40,443,OUT.bound,https,established,,speedtest.c,ID,AS32934 facebook  inc.,,,,Whitelisted IP
2023-11-30_14-46-44,tcp,175.103.46.158,50372,216.239.38.178,443,OUT.bound,https,established,,speedtest.c,US,AS15169 google llc,Obfuscated Files or Information,,2023-11-21T17:12:49.783000,Whitelisted IP
2023-11-30_14-46-44,udp,175.103.46.158,62499,156.59.78.182,443,OUT.bound,https,,,speedtest.c,SG,AS21859 zenlayer inc,,,,
2023-11-30_14-46-44,tcp,175.103.46.158,49237,172.253.118.95,443,OUT.bound,https,last-ack,,speedtest.c,US,AS15169 google llc,,,,
2023-11-30_14-46-44,tcp,175.103.46.158,58298,142.250.190.3,443,OUT.bound,https,time-wait,,speedtest.c,US,AS15169 google llc,,,,
2023-11-30_14-46-44,tcp,175.103.46.158,60023,74.125.130.94,80,OUT.bound,http,established,,speedtest.c,US,AS15169 google llc,,,,Whitelisted IP
2023-11-30_14-46-44,tcp,175.103.46.158,55308,157.240.211.61,443,OUT.bound,https,established,,speedtest.c,HK,AS32934 facebook  inc.,,,,
2023-11-30_14-46-44,tcp,175.103.46.158,41878,31.13.77.61,443,OUT.bound,https,established,,speedtest.c,HK,AS32934 facebook  inc.,,,,Whitelisted IP
2023-11-30_14-46-44,tcp,175.103.46.158,57280,157.240.211.61,443,OUT.bound,https,established,,speedtest.c,HK,AS32934 facebook  inc.,,,,
2023-11-30_14-46-44,tcp,94.102.61.42,38968,175.103.46.156,23023,IN.bound,,syn-sent,,,GB,AS202425 ip volume inc,ETIC Cybersecurity 2023-11-30 Port Scan,,2023-11-30T07:42:38.202000,
2023-11-30_14-46-44,tcp,175.103.46.158,46360,43.133.45.194,799,OUT.bound,,established,,speedtest.c,SG,AS132203 tencent building  kejizhongyi avenue,,,,
2023-11-30_14-46-44,tcp,43.128.74.37,799,175.103.46.158,42004,IN.bound,,established,,speedtest.c,SG,AS132203 tencent building  kejizhongyi avenue,,,,
2023-11-30_14-46-44,tcp,175.103.46.158,52935,74.125.130.94,443,OUT.bound,https,established,,speedtest.c,US,AS15169 google llc,,,,Whitelisted IP
2023-11-30_14-46-44,tcp,175.103.46.158,47756,157.240.199.61,443,OUT.bound,https,established,,speedtest.c,HK,AS32934 facebook  inc.,,,,
2023-11-30_14-46-44,udp,175.103.46.158,62473,5.181.178.48,8675,OUT.bound,msi-cps-rm,,,speedtest.c,US,AS35913 dedipath,LCIA:HoneyNet:2022,,2023-01-30T23:00:04.143000,
2023-11-30_14-46-44,tcp,43.128.74.37,799,175.103.46.158,41494,IN.bound,,established,,speedtest.c,SG,AS132203 tencent building  kejizhongyi avenue,,,,
2023-11-30_14-46-44,tcp,175.103.46.158,59277,103.107.198.66,6568,OUT.bound,canit-store,established,,,SG,AS137409 gsl networks pty ltd,,,,
2023-11-30_14-46-44,tcp,175.103.46.158,50927,20.198.119.84,443,OUT.bound,https,established,,speedtest.c,IN,AS8075 microsoft corporation,,,,Cloud Provider IP range
2023-11-30_14-46-44,tcp,175.103.46.158,48132,157.240.199.61,443,OUT.bound,https,established,,speedtest.c,HK,AS32934 facebook  inc.,,,,
2023-11-30_14-46-44,tcp,175.103.46.158,41226,192.53.174.79,4001,OUT.bound,newoak,established,,speedtest.c,SG,AS63949 linode  llc,,,,
2023-11-30_14-46-44,tcp,175.103.46.158,39492,31.13.77.61,443,OUT.bound,https,established,,speedtest.c,HK,AS32934 facebook  inc.,,,,Whitelisted IP
2023-11-30_14-46-44,udp,0.0.0.0,5678,255.255.255.255,5678,broadcast,rrac,,,speedtest.c,,,,,,
2023-11-30_14-46-44,tcp,175.103.46.158,49356,142.251.10.95,443,OUT.bound,https,established,,speedtest.c,US,AS15169 google llc,uTorrent seeds from a VM,The world ,2022-12-16T13:03:24.863000,
2023-11-30_14-46-44,udp,175.103.46.158,62473,103.152.36.130,9119,OUT.bound,mxit,,,speedtest.c,ID,AS140433 pt. colo media netindo,,,,
2023-11-30_14-46-44,tcp,43.134.120.219,799,175.103.46.158,45878,IN.bound,,established,,speedtest.c,SG,AS132203 tencent building  kejizhongyi avenue,,,,
2023-11-30_14-46-44,tcp,43.128.74.37,799,175.103.46.158,42446,IN.bound,,established,,speedtest.c,SG,AS132203 tencent building  kejizhongyi avenue,,,,
2023-11-30_14-46-44,udp,175.103.46.158,62430,34.117.36.110,443,OUT.bound,https,,,speedtest.c,US,AS396982 google,,,,
2023-11-30_14-46-44,tcp,175.103.46.158,50721,91.108.56.100,443,OUT.bound,https,established,,speedtest.c,AG,AS62014 telegram messenger inc,,,,
2023-11-30_14-46-44,tcp,175.103.46.158,56282,157.240.235.60,443,OUT.bound,https,established,,speedtest.c,SG,AS32934 facebook  inc.,,,,
2023-11-30_14-46-44,tcp,146.196.111.218,899,175.103.43.90,53679,OUT.bound,,established,,speedtest.c,ID,AS38320 pt maxindo mitra solusi,,,,
2023-11-30_14-46-44,udp,175.103.46.158,64831,74.125.68.84,443,OUT.bound,https,,,speedtest.c,US,AS15169 google llc,,,,Whitelisted IP
2023-11-30_14-46-44,udp,175.103.46.158,62473,5.181.178.48,9266,OUT.bound,,,,speedtest.c,US,AS35913 dedipath,LCIA:HoneyNet:2022,,2023-01-30T23:00:04.143000,
2023-11-30_14-46-44,udp,175.103.46.158,62473,206.84.112.29,9388,OUT.bound,d2ddatatrans,,,speedtest.c,ID,AS64315 pt mitra visioner pratama,,,,
2023-11-30_14-46-44,udp,175.103.46.158,62473,206.84.112.29,8769,OUT.bound,oktaauthenticat,,,speedtest.c,ID,AS64315 pt mitra visioner pratama,,,,
2023-11-30_14-46-44,tcp,20.212.88.117,443,175.103.46.158,61692,IN.bound,https,established,,speedtest.c,US,AS8075 microsoft corporation,,,,
2023-11-30_14-46-44,udp,175.103.46.158,62309,34.149.173.23,443,OUT.bound,https,,,speedtest.c,US,AS15169 google llc,,,,
2023-11-30_14-46-44,tcp,175.103.46.158,47612,47.74.170.157,5222,OUT.bound,xmpp-client,established,,speedtest.c,SG,AS45102 alibaba (us) technology co.  ltd.,wifi logs to check,Here is the full text of the key event in the IBSS/ESS (3) system  which has been disabled since its,2022-11-26T03:02:13.742000,
2023-11-30_14-46-44,tcp,43.128.74.37,799,175.103.46.158,41482,IN.bound,,established,,speedtest.c,SG,AS132203 tencent building  kejizhongyi avenue,,,,
2023-11-30_14-46-44,tcp,175.103.46.158,51758,20.198.119.143,443,OUT.bound,https,established,,speedtest.c,IN,AS8075 microsoft corporation,,,,Cloud Provider IP range
2023-11-30_14-46-44,tcp,43.198.50.186,23008,175.103.46.158,58924,IN.bound,,established,,speedtest.c,US,AS16509 amazon.com inc,,,,
2023-11-30_14-46-44,tcp,175.103.46.158,63775,51.159.103.157,443,OUT.bound,https,established,,speedtest.c,FR,AS12876 online s.a.s.,,,,
2023-11-30_14-46-44,tcp,175.103.46.158,33472,31.13.77.61,443,OUT.bound,https,established,,speedtest.c,HK,AS32934 facebook  inc.,,,,Whitelisted IP
2023-11-30_14-46-44,udp,146.196.111.222,5678,255.255.255.255,5678,broadcast,rrac,,,speedtest.c,,,,,,
2023-11-30_14-46-44,tcp,43.128.74.37,799,175.103.46.158,41518,IN.bound,,established,,speedtest.c,SG,AS132203 tencent building  kejizhongyi avenue,,,,
2023-11-30_14-46-44,tcp,175.103.46.158,62452,13.33.88.79,443,OUT.bound,https,established,,speedtest.c,US,ASNone ,,,,CDN IP ranges
2023-11-30_14-46-44,tcp,31.13.68.60,443,175.103.46.158,63074,IN.bound,https,established,,speedtest.c,SG,AS32934 facebook  inc.,,,,Whitelisted IP
2023-11-30_14-46-44,tcp,175.103.46.158,55536,157.240.211.61,443,OUT.bound,https,established,,speedtest.c,HK,AS32934 facebook  inc.,,,,
2023-11-30_14-46-44,udp,175.103.46.158,53621,36.86.63.182,3544,OUT.bound,teredo,,,speedtest.c,,,,,,
2023-11-30_14-46-44,tcp,175.103.46.158,51903,35.160.64.44,443,OUT.bound,https,time-wait,,speedtest.c,US,AS16509 amazon.com inc,,,,Cloud Provider IP range
2023-11-30_14-46-44,tcp,175.103.46.158,46400,43.133.45.194,799,OUT.bound,,established,,speedtest.c,SG,AS132203 tencent building  kejizhongyi avenue,,,,
2023-11-30_14-46-44,tcp,175.103.46.158,61166,20.44.10.122,443,OUT.bound,https,established,,speedtest.c,US,AS8075 microsoft corporation,LCIA:HoneyNet:2022,,2023-01-30T23:00:04.143000,Cloud Provider IP range
2023-11-30_14-46-44,udp,175.103.46.158,62496,34.36.71.42,443,OUT.bound,https,,,speedtest.c,US,ASNone ,,,,
2023-11-30_14-46-44,udp,175.103.46.158,58825,172.217.194.93,443,OUT.bound,https,,,speedtest.c,US,AS15169 google llc,,,,Whitelisted IP
2023-11-30_14-46-44,udp,175.103.46.158,62491,103.152.36.130,9283,OUT.bound,callwaveiam,,,speedtest.c,ID,AS140433 pt. colo media netindo,,,,
2023-11-30_14-46-44,tcp,175.103.46.158,63450,20.198.118.190,443,OUT.bound,https,established,,speedtest.c,IN,AS8075 microsoft corporation,LCIA:HoneyNet:2022,,2023-01-30T23:00:04.143000,Cloud Provider IP range
2023-11-30_14-46-44,tcp,175.103.43.90,57630,146.196.111.218,8278,IN.bound,,time-wait,,speedtest.c,ID,AS38320 pt maxindo mitra solusi,,,,
2023-11-30_14-46-44,udp,10.20.30.163,49837,255.255.255.255,10002,broadcast,,,,speedtest.c,,,,,,
2023-11-30_14-46-44,tcp,175.103.46.158,42042,142.251.221.106,443,OUT.bound,https,established,,,US,AS15169 google llc,,,,
2023-11-30_14-46-44,udp,175.103.46.158,62491,103.152.36.130,9182,OUT.bound,,,,speedtest.c,ID,AS140433 pt. colo media netindo,,,,
2023-11-30_14-46-44,tcp,43.128.74.37,799,175.103.46.158,41996,IN.bound,,established,,,SG,AS132203 tencent building  kejizhongyi avenue,,,,
2023-11-30_14-46-44,tcp,175.103.46.158,50370,103.74.143.176,443,OUT.bound,https,established,,speedtest.c,ID,AS46034 departemen kesehatan,,,,
2023-11-30_14-46-44,tcp,172.253.118.188,5228,175.103.46.158,46144,IN.bound,hpvroom,established,,speedtest.c,US,AS15169 google llc,router conns,Proto NATed Address  - 192.5.8  Â 1.4m -  is the latest in a long line of addresses to be considered,2023-03-20T00:01:17.081000,
2023-11-30_14-46-44,udp,175.103.46.158,5678,192.168.124.1,53,local,domain,,,speedtest.c,,,,,,
2023-11-30_14-46-44,udp,175.103.46.158,62323,210.210.145.139,443,OUT.bound,https,,,speedtest.c,ID,AS4787 pt cyberindo aditama,,,,
2023-11-30_14-46-44,tcp,43.128.74.37,799,175.103.46.158,41500,IN.bound,,close-wait,,speedtest.c,SG,AS132203 tencent building  kejizhongyi avenue,,,,
2023-11-30_14-46-44,udp,175.103.46.158,62491,5.181.178.48,9201,OUT.bound,wap-wsp-wtp,,,speedtest.c,US,AS35913 dedipath,LCIA:HoneyNet:2022,,2023-01-30T23:00:04.143000,
2023-11-30_14-46-44,tcp,175.103.46.158,54377,20.198.119.143,443,OUT.bound,https,established,,speedtest.c,IN,AS8075 microsoft corporation,,,,Cloud Provider IP range
2023-11-30_14-46-44,udp,175.103.46.158,55951,74.125.200.95,443,OUT.bound,https,,,speedtest.c,US,AS15169 google llc,,,,Whitelisted IP
2023-11-30_14-46-44,tcp,43.134.120.219,799,175.103.46.158,46354,IN.bound,,established,,,SG,AS132203 tencent building  kejizhongyi avenue,,,,
2023-11-30_14-46-44,udp,175.103.46.158,56860,172.217.194.95,443,OUT.bound,https,,,speedtest.c,US,AS15169 google llc,,,,Whitelisted IP
2023-11-30_14-46-44,tcp,175.103.46.158,58100,157.240.218.61,443,OUT.bound,https,established,,speedtest.c,SG,AS32934 facebook  inc.,,,,
2023-11-30_14-46-44,tcp,43.134.53.107,799,175.103.46.158,38404,IN.bound,,established,,speedtest.c,SG,AS132203 tencent building  kejizhongyi avenue,,,,
2023-11-30_14-46-44,tcp,175.103.46.158,56610,157.240.199.61,443,OUT.bound,https,established,,speedtest.c,HK,AS32934 facebook  inc.,,,,
2023-11-30_14-46-44,udp,175.103.46.158,62473,202.180.17.37,9091,OUT.bound,xmltec-xmlmail,,,speedtest.c,ID,AS38758 pt. hipernet indodata,,,,
2023-11-30_14-46-44,udp,146.196.111.218,44447,122.144.1.1,53,OUT.bound,domain,,,speedtest.c,ID,AS38320 pt maxindo mitra solusi,,,,
2023-11-30_14-46-44,udp,146.196.111.218,58996,122.144.1.1,53,OUT.bound,domain,,,speedtest.c,ID,AS38320 pt maxindo mitra solusi,,,,
2023-11-30_14-46-44,udp,175.103.46.158,62498,35.186.203.63,443,OUT.bound,https,,,speedtest.c,US,AS15169 google llc,,,,Cloud Provider IP range
2023-11-30_14-46-44,udp,175.103.46.158,57021,142.251.175.95,443,OUT.bound,https,,,speedtest.c,US,AS15169 google llc,,,,
2023-11-30_14-46-44,tcp,175.103.46.158,36698,157.240.217.2,443,OUT.bound,https,established,,speedtest.c,SG,AS32934 facebook  inc.,,,,
2023-11-30_14-46-44,udp,175.103.46.158,62473,5.181.178.48,9181,OUT.bound,,,,speedtest.c,US,AS35913 dedipath,LCIA:HoneyNet:2022,,2023-01-30T23:00:04.143000,
2023-11-30_14-46-44,tcp,175.103.46.158,51676,20.189.173.15,443,OUT.bound,https,established,,speedtest.c,US,AS8075 microsoft corporation,CVE:CVE-1999-0095,An attack on the Sendmail server is being investigated by researchers at the University of Californi,2023-11-21T01:02:17.904000,Cloud Provider IP range
2023-11-30_14-46-44,udp,175.103.46.158,62403,71.18.36.225,443,OUT.bound,https,,,speedtest.c,US,ASNone ,,,,
2023-11-30_14-46-44,tcp,175.103.46.158,51294,104.22.21.162,443,OUT.bound,https,established,,speedtest.c,US,AS13335 cloudflare,,,,CDN IP ranges
2023-11-30_14-46-44,tcp,175.103.46.158,57204,157.240.217.60,443,OUT.bound,https,established,,speedtest.c,SG,AS32934 facebook  inc.,,,,
2023-11-30_14-46-44,icmp,146.196.111.218,,204.155.149.43,,OUT.bound,,,4shared.com,,US,AS40824 wz communications inc.,,,,
2023-11-30_14-46-44,udp,175.103.46.158,63327,74.125.24.113,443,OUT.bound,https,,,speedtest.c,US,AS15169 google llc,,,,Whitelisted IP
2023-11-30_14-46-44,udp,175.103.46.158,62473,5.181.178.48,8736,OUT.bound,,,,speedtest.c,US,AS35913 dedipath,LCIA:HoneyNet:2022,,2023-01-30T23:00:04.143000,
2023-11-30_14-46-44,tcp,175.103.46.158,65099,20.198.119.143,443,OUT.bound,https,established,,,IN,AS8075 microsoft corporation,,,,Cloud Provider IP range
2023-11-30_14-46-44,tcp,43.128.74.37,799,175.103.46.158,42046,IN.bound,,established,,speedtest.c,SG,AS132203 tencent building  kejizhongyi avenue,,,,
2023-11-30_14-46-44,udp,175.103.46.158,62473,202.180.17.36,9468,OUT.bound,,,,speedtest.c,ID,AS38758 pt. hipernet indodata,,,,
2023-11-30_14-46-44,udp,175.103.46.158,62473,206.84.112.29,8736,OUT.bound,,,,speedtest.c,ID,AS64315 pt mitra visioner pratama,,,,
2023-11-30_14-46-44,udp,175.103.46.158,59045,36.91.114.83,123,OUT.bound,ntp,,,speedtest.c,ID,AS7713 pt telekomunikasi indonesia,IOCs - 2023491242 - ANIA Threat Feeds - IP Segment 5,ANIA Collector - Advanced Network Interactive Analysis Collector - Collected from Internet Storm Cen,2023-05-09T13:02:06.153000,
2023-11-30_14-46-44,udp,175.103.46.158,49580,51.81.245.139,25,OUT.bound,smtp,,,speedtest.c,US,AS16276 ovh sas,IOCs - 20231081410 - ANIA Threat Feeds - IP Segment 1,ANIA Collector - Advanced Network Interactive Analysis Collector - Collected from Internet Storm Cen,2023-11-07T22:02:18.651000,
2023-11-30_14-46-44,tcp,175.103.46.158,62502,71.18.36.225,443,OUT.bound,https,established,,speedtest.c,US,ASNone ,,,,
2023-11-30_14-46-44,udp,175.103.46.158,62492,156.59.76.173,443,OUT.bound,https,,,speedtest.c,SG,AS21859 zenlayer inc,,,,
2023-11-30_14-46-44,udp,10.20.30.90,50123,255.255.255.255,10002,broadcast,,,,speedtest.c,,,,,,
2023-11-30_14-46-44,tcp,175.103.46.158,36666,157.240.217.2,443,OUT.bound,https,established,,speedtest.c,SG,AS32934 facebook  inc.,,,,
2023-11-30_14-46-44,tcp,175.103.46.158,41186,157.240.199.61,443,OUT.bound,https,established,,speedtest.c,HK,AS32934 facebook  inc.,,,,
2023-11-30_14-46-44,udp,175.103.46.158,62473,103.149.176.70,9302,OUT.bound,,,,speedtest.c,ID,ASNone ,,,,
2023-11-30_14-46-44,tcp,175.103.46.158,43136,31.13.68.61,443,OUT.bound,https,established,,speedtest.c,SG,AS32934 facebook  inc.,,,,Whitelisted IP
2023-11-30_14-46-44,tcp,175.103.46.158,60326,43.128.74.37,800,OUT.bound,mdbs-daemon,established,,speedtest.c,SG,AS132203 tencent building  kejizhongyi avenue,,,,
2023-11-30_14-46-44,tcp,175.103.46.158,64375,142.251.10.188,443,OUT.bound,https,established,,,US,AS15169 google llc,firewall conns,Proto NATed Address  - 192.5.8 Â 1.4m -  is the most popular address on the internet for those tryin,2022-10-03T00:03:36.708000,
2023-11-30_14-46-44,udp,175.103.46.158,62473,202.180.17.37,9360,OUT.bound,,,,speedtest.c,ID,AS38758 pt. hipernet indodata,,,,
2023-11-30_14-46-44,udp,175.103.46.158,62491,5.181.178.48,8804,OUT.bound,truecm,,,speedtest.c,US,AS35913 dedipath,LCIA:HoneyNet:2022,,2023-01-30T23:00:04.143000,
2023-11-30_14-46-44,tcp,175.103.46.158,56709,20.97.190.215,443,OUT.bound,https,established,,,US,AS8075 microsoft corporation,,,,Cloud Provider IP range
2023-11-30_14-46-44,tcp,175.103.46.158,36686,157.240.217.2,443,OUT.bound,https,established,,speedtest.c,SG,AS32934 facebook  inc.,,,,
2023-11-30_14-46-44,udp,146.196.111.218,35659,10.79.16.9,1812,local,radius,,,speedtest.c,,,,,,
2023-11-30_14-46-44,udp,175.103.46.158,62473,202.180.17.36,8546,OUT.bound,,,,speedtest.c,ID,AS38758 pt. hipernet indodata,,,,
2023-11-30_14-46-44,udp,175.103.46.158,62473,5.181.178.48,8945,OUT.bound,,,,speedtest.c,US,AS35913 dedipath,LCIA:HoneyNet:2022,,2023-01-30T23:00:04.143000,
2023-11-30_14-46-44,tcp,35.203.210.96,51370,175.103.46.156,3822,IN.bound,,syn-sent,,,GB,AS396982 google,IP Addresses Logged by the Rosethorn PotNet,Malicious activity detections from a small network of honeypots that spans multiple ISPs and geograp,2023-11-30T07:41:46.366000,Cloud Provider IP range
2023-11-30_14-46-44,tcp,43.133.45.194,799,175.103.46.158,45924,IN.bound,,established,,,SG,AS132203 tencent building  kejizhongyi avenue,,,,
2023-11-30_14-46-44,tcp,43.128.74.37,799,175.103.46.158,42130,IN.bound,,established,,speedtest.c,SG,AS132203 tencent building  kejizhongyi avenue,,,,
2023-11-30_14-46-44,tcp,175.103.46.158,35226,172.64.165.30,443,OUT.bound,https,established,,speedtest.c,US,AS13335 cloudflare,SafeFrame Container,If you want to know what is going to happen when you create a non-iterable object  try these three p,2022-06-05T00:03:45.266000,CDN IP ranges
2023-11-30_14-46-44,tcp,175.103.46.158,51754,194.138.240.119,443,OUT.bound,https,established,,speedtest.c,DE,AS9890 atos information technology,,,,
2023-11-30_14-46-44,udp,175.103.46.158,62324,210.210.145.83,443,OUT.bound,https,,,speedtest.c,ID,AS4787 pt cyberindo aditama,,,,
2023-11-30_14-46-44,tcp,175.103.46.158,65426,157.240.235.60,443,OUT.bound,https,established,,speedtest.c,SG,AS32934 facebook  inc.,,,,
2023-11-30_14-46-44,udp,175.103.46.158,62473,202.180.17.37,9097,OUT.bound,,,,speedtest.c,ID,AS38758 pt. hipernet indodata,,,,
2023-11-30_14-46-44,tcp,43.134.53.107,799,175.103.46.158,38918,IN.bound,,established,,speedtest.c,SG,AS132203 tencent building  kejizhongyi avenue,,,,
2023-11-30_14-46-44,tcp,175.103.46.158,48210,104.21.2.38,443,OUT.bound,https,established,,speedtest.c,US,AS13335 cloudflare,,,,CDN IP ranges
2023-11-30_14-46-44,tcp,175.103.46.158,34682,18.163.242.58,23008,OUT.bound,,established,,speedtest.c,HK,AS16509 amazon.com inc,,,,Cloud Provider IP range
2023-11-30_14-46-44,udp,175.103.46.158,62473,5.181.178.48,9040,OUT.bound,,,,speedtest.c,US,AS35913 dedipath,LCIA:HoneyNet:2022,,2023-01-30T23:00:04.143000,
2023-11-30_14-46-44,udp,175.103.46.158,53614,74.125.130.94,443,OUT.bound,https,,,speedtest.c,US,AS15169 google llc,,,,Whitelisted IP
2023-11-30_14-46-44,tcp,175.103.46.158,63629,103.107.199.6,443,OUT.bound,https,established,,,SG,AS137409 gsl networks pty ltd,,,,
2023-11-30_14-46-44,udp,175.103.46.158,62307,210.210.145.138,443,OUT.bound,https,,,speedtest.c,ID,AS4787 pt cyberindo aditama,,,,
2023-11-30_14-46-44,tcp,175.103.46.158,63518,13.107.5.88,443,OUT.bound,https,established,,speedtest.c,US,AS8068 microsoft corporation,Jeeng / Powerbox,,2022-06-12T22:01:23.105000,Cloud Provider IP range
2023-11-30_14-46-44,udp,175.103.46.158,59997,216.239.38.120,443,OUT.bound,https,,,speedtest.c,US,AS15169 google llc,Remcos RAT,Remcos (acronym of Remote Control & Surveillance Software) is a Remote Access Software used to remot,2022-10-02T11:03:36.202000,Whitelisted IP
2023-11-30_14-46-44,tcp,175.103.46.158,63686,52.25.237.147,8883,OUT.bound,secure-mqtt,established,,speedtest.c,US,AS16509 amazon.com inc,,,,Cloud Provider IP range
2023-11-30_14-46-44,tcp,31.13.95.34,443,175.103.46.158,60774,IN.bound,https,last-ack,,speedtest.c,ID,AS32934 facebook  inc.,IOC Records Provided by @NextRayAI,This IOC report provided and daily updated by NextRay AI Detection & Response Inc.,2023-11-29T20:30:49.916000,Whitelisted IP
2023-11-30_14-46-44,tcp,3.216.157.50,7010,175.103.46.158,63395,IN.bound,ups-onlinet,established,,speedtest.c,US,AS14618 amazon.com  inc.,,,,Cloud Provider IP range
2023-11-30_14-46-44,tcp,43.128.74.37,799,175.103.46.158,42224,IN.bound,,close-wait,,speedtest.c,SG,AS132203 tencent building  kejizhongyi avenue,,,,
2023-11-30_14-46-44,tcp,175.103.46.158,51730,157.240.211.61,443,OUT.bound,https,established,,speedtest.c,HK,AS32934 facebook  inc.,,,,
2023-11-30_14-46-44,udp,175.103.46.158,62494,156.59.78.187,443,OUT.bound,https,,,speedtest.c,SG,AS21859 zenlayer inc,,,,
2023-11-30_14-46-44,udp,175.103.46.158,62491,5.181.178.48,8612,OUT.bound,canon-bjnp2,,,speedtest.c,US,AS35913 dedipath,LCIA:HoneyNet:2022,,2023-01-30T23:00:04.143000,
2023-11-30_14-46-44,tcp,43.133.45.194,799,175.103.46.158,45772,IN.bound,,established,,speedtest.c,SG,AS132203 tencent building  kejizhongyi avenue,,,,
2023-11-30_14-46-44,tcp,175.103.46.158,59541,20.198.119.143,443,OUT.bound,https,established,,,IN,AS8075 microsoft corporation,,,,Cloud Provider IP range
2023-11-30_14-46-44,udp,146.196.111.218,52106,10.79.16.9,1813,local,radius-acct,,,speedtest.c,,,,,,
2023-11-30_14-46-44,tcp,175.103.46.158,52900,163.70.141.61,443,OUT.bound,https,established,,speedtest.c,FR,ASNone ,,,,
2023-11-30_14-46-44,tcp,43.134.120.219,799,175.103.46.158,46652,IN.bound,,established,,,SG,AS132203 tencent building  kejizhongyi avenue,,,,
2023-11-30_14-46-44,tcp,175.103.46.158,52781,20.198.119.84,443,OUT.bound,https,established,,speedtest.c,IN,AS8075 microsoft corporation,,,,Cloud Provider IP range
2023-11-30_14-46-44,icmp,146.196.111.218,,203.190.242.211,,OUT.bound,,,detik.com,,ID,AS24211 detik,,,,
2023-11-30_14-46-44,tcp,175.103.46.158,63810,20.198.119.84,443,OUT.bound,https,established,,speedtest.c,IN,AS8075 microsoft corporation,,,,Cloud Provider IP range
2023-11-30_14-46-44,udp,175.103.46.158,62473,103.149.176.70,8999,OUT.bound,bctp,,,speedtest.c,ID,ASNone ,,,,
2023-11-30_14-46-44,udp,175.103.46.158,62473,103.173.74.180,8515,OUT.bound,,,,speedtest.c,,AS140443 pt herza digital indonesia,,,,
2023-11-30_14-46-44,udp,175.103.46.158,62473,202.180.17.36,9049,OUT.bound,,,,speedtest.c,ID,AS38758 pt. hipernet indodata,,,,
2023-11-30_14-46-44,udp,10.20.30.66,5678,255.255.255.255,5678,broadcast,rrac,,,speedtest.c,,,,,,
2023-11-30_14-46-44,udp,175.103.46.158,62473,206.84.112.27,9140,OUT.bound,,,,speedtest.c,ID,AS64315 pt mitra visioner pratama,,,,
2023-11-30_14-46-44,udp,175.103.46.158,62473,202.180.17.37,9292,OUT.bound,armtechdaemon,,,speedtest.c,ID,AS38758 pt. hipernet indodata,,,,
2023-11-30_14-46-44,tcp,175.103.46.158,58300,74.125.130.94,443,OUT.bound,https,established,,speedtest.c,US,AS15169 google llc,,,,Whitelisted IP
2023-11-30_14-46-44,tcp,175.103.46.158,50385,118.98.77.106,80,OUT.bound,http,syn-sent,,,ID,AS7713 pt telekomunikasi indonesia,,,,
2023-11-30_14-46-44,icmp,146.196.111.218,,146.196.111.209,,OUT.bound,,,,,ID,AS139460 pt maxindo mitra solusi,,,,
2023-11-30_14-46-44,tcp,43.134.120.219,799,175.103.46.158,46432,IN.bound,,established,,,SG,AS132203 tencent building  kejizhongyi avenue,,,,
2023-11-30_14-46-44,udp,175.103.46.158,5678,192.168.1.1,53,local,domain,,,speedtest.c,,,,,,
2023-11-30_14-46-44,tcp,175.103.46.158,62523,210.210.145.139,443,OUT.bound,https,established,,speedtest.c,ID,AS4787 pt cyberindo aditama,,,,
2023-11-30_14-46-44,udp,10.20.30.123,60255,255.255.255.255,10002,broadcast,,,,speedtest.c,,,,,,
2023-11-30_14-46-44,tcp,175.103.43.90,57632,146.196.111.218,8278,IN.bound,,established,,speedtest.c,ID,AS38320 pt maxindo mitra solusi,,,,
2023-11-30_14-46-44,tcp,175.103.46.158,49524,74.125.130.188,5228,OUT.bound,hpvroom,established,,,US,AS15169 google llc,,,,Whitelisted IP
2023-11-30_14-46-44,tcp,43.198.50.186,23006,175.103.46.158,46472,IN.bound,,established,,speedtest.c,US,AS16509 amazon.com inc,,,,
2023-11-30_14-46-44,tcp,175.103.46.158,49020,192.53.174.79,4001,OUT.bound,newoak,established,,speedtest.c,SG,AS63949 linode  llc,,,,
2023-11-30_14-46-44,tcp,175.103.46.158,55594,74.125.24.95,443,OUT.bound,https,established,,speedtest.c,US,AS15169 google llc,,,,Whitelisted IP
2023-11-30_14-46-44,udp,175.103.46.158,5678,192.168.122.1,53,local,domain,,,speedtest.c,,,,,,
2023-11-30_14-46-44,tcp,175.103.46.158,62368,52.184.217.37,443,OUT.bound,https,established,,,US,AS8075 microsoft corporation,,,,Cloud Provider IP range
2023-11-30_14-46-44,tcp,175.103.46.158,56273,157.240.218.60,443,OUT.bound,https,last-ack,,speedtest.c,SG,AS32934 facebook  inc.,,,,
2023-11-30_14-46-44,tcp,175.103.46.158,62414,206.84.112.18,443,OUT.bound,https,established,,speedtest.c,ID,AS64315 pt mitra visioner pratama,,,,
2023-11-30_14-46-44,udp,175.103.46.158,56163,216.239.38.120,443,OUT.bound,https,,,speedtest.c,US,AS15169 google llc,Remcos RAT,Remcos (acronym of Remote Control & Surveillance Software) is a Remote Access Software used to remot,2022-10-02T11:03:36.202000,Whitelisted IP
2023-11-30_14-46-44,tcp,175.103.46.158,65530,52.184.217.37,443,OUT.bound,https,established,,speedtest.c,US,AS8075 microsoft corporation,,,,Cloud Provider IP range
2023-11-30_14-46-44,tcp,175.103.46.158,34850,157.240.218.35,443,OUT.bound,https,time-wait,,speedtest.c,SG,AS32934 facebook  inc.,,,,
2023-11-30_14-46-44,tcp,175.103.46.158,54694,157.240.211.61,443,OUT.bound,https,established,,speedtest.c,HK,AS32934 facebook  inc.,,,,
2023-11-30_14-46-44,udp,175.103.46.158,57238,31.13.95.60,443,OUT.bound,https,,,speedtest.c,ID,AS32934 facebook  inc.,,,,Whitelisted IP
2023-11-30_14-46-44,tcp,192.53.174.79,4001,175.103.46.158,46500,IN.bound,newoak,established,,speedtest.c,SG,AS63949 linode  llc,,,,
2023-11-30_14-46-44,tcp,175.103.46.158,62484,54.192.150.103,443,OUT.bound,https,established,,speedtest.c,US,AS16509 amazon.com inc,,,,CDN IP ranges
2023-11-30_14-46-44,udp,175.103.46.158,62491,103.152.36.130,9173,OUT.bound,,,,speedtest.c,ID,AS140433 pt. colo media netindo,,,,
2023-11-30_14-46-44,udp,175.103.46.158,62473,206.84.112.29,9294,OUT.bound,armcenterhttp,,,speedtest.c,ID,AS64315 pt mitra visioner pratama,,,,
2023-11-30_14-46-44,tcp,175.103.46.158,56304,157.240.235.60,443,OUT.bound,https,established,,speedtest.c,SG,AS32934 facebook  inc.,,,,
2023-11-30_14-46-44,udp,175.103.46.158,62473,5.181.178.48,9209,OUT.bound,almobile-system,,,speedtest.c,US,AS35913 dedipath,LCIA:HoneyNet:2022,,2023-01-30T23:00:04.143000,
2023-11-30_14-46-44,tcp,175.103.46.158,65422,52.184.217.37,443,OUT.bound,https,time-wait,,speedtest.c,US,AS8075 microsoft corporation,,,,Cloud Provider IP range
2023-11-30_14-46-44,tcp,175.103.46.158,42112,43.128.74.37,799,OUT.bound,,established,,speedtest.c,SG,AS132203 tencent building  kejizhongyi avenue,,,,
2023-11-30_14-46-44,udp,146.196.111.218,40661,122.144.1.1,53,OUT.bound,domain,,,speedtest.c,ID,AS38320 pt maxindo mitra solusi,,,,
2023-11-30_14-46-44,tcp,175.103.46.158,63566,64.233.170.188,5228,OUT.bound,hpvroom,established,,,US,AS15169 google llc,,,,Whitelisted IP
2023-11-30_14-46-44,tcp,175.103.46.158,54370,92.223.85.120,443,OUT.bound,https,established,,,SG,AS199524 g-core labs s.a.,,,,
2023-11-30_14-46-44,udp,175.103.46.158,62473,103.152.36.130,8999,OUT.bound,bctp,,,speedtest.c,ID,AS140433 pt. colo media netindo,,,,
2023-11-30_14-46-44,tcp,175.103.46.158,42730,43.128.74.37,799,OUT.bound,,time-wait,,speedtest.c,SG,AS132203 tencent building  kejizhongyi avenue,,,,
2023-11-30_14-46-44,tcp,43.134.120.219,799,175.103.46.158,46428,IN.bound,,established,,,SG,AS132203 tencent building  kejizhongyi avenue,,,,
2023-11-30_14-46-44,tcp,175.103.46.158,41232,157.240.199.61,443,OUT.bound,https,established,,speedtest.c,HK,AS32934 facebook  inc.,,,,
2023-11-30_14-46-44,tcp,175.103.46.158,50723,91.108.56.100,80,OUT.bound,http,established,,speedtest.c,AG,AS62014 telegram messenger inc,,,,
2023-11-30_14-46-44,tcp,175.103.46.158,56227,157.240.217.60,443,OUT.bound,https,established,,speedtest.c,SG,AS32934 facebook  inc.,,,,
2023-11-30_14-46-44,tcp,175.103.46.158,61730,20.198.119.84,443,OUT.bound,https,established,,speedtest.c,IN,AS8075 microsoft corporation,,,,Cloud Provider IP range
2023-11-30_14-46-44,udp,146.196.111.218,40636,122.144.3.6,514,OUT.bound,shell,,,,ID,AS38320 pt maxindo mitra solusi,,,,
2023-11-30_14-46-44,tcp,175.103.46.158,63466,117.18.232.200,443,OUT.bound,https,established,,,AU,AS15133 verizon,CVE JAR Found   Massive active Malicious   unlatched issues,Monitoring Tsara Brashears - Extreme cyber attack against documented as alleged SA victim. Non-Adver,2023-11-24T12:03:49.398000,Whitelisted IP
2023-11-30_14-46-44,tcp,175.103.46.158,49445,20.198.119.143,443,OUT.bound,https,established,,speedtest.c,IN,AS8075 microsoft corporation,,,,Cloud Provider IP range
2023-11-30_14-46-44,tcp,175.103.46.158,48618,43.133.45.194,800,OUT.bound,mdbs-daemon,established,,speedtest.c,SG,AS132203 tencent building  kejizhongyi avenue,,,,
2023-11-30_14-46-44,icmp,188.42.84.151,,175.103.46.158,,IN.bound,,,,speedtest.c,LU,AS7979 servers.com  inc.,,,,
2023-11-30_14-46-44,tcp,175.103.46.158,36694,157.240.217.2,443,OUT.bound,https,established,,speedtest.c,SG,AS32934 facebook  inc.,,,,
2023-11-30_14-46-44,icmp,175.103.43.90,,175.103.46.158,,IN.bound,,,,speedtest.c,ID,AS38320 pt maxindo mitra solusi,,,,
2023-11-30_14-46-44,udp,175.103.46.158,62303,34.117.97.41,443,OUT.bound,https,,,speedtest.c,US,AS396982 google,,,,
2023-11-30_14-46-44,tcp,175.103.46.158,56522,31.13.68.60,443,OUT.bound,https,established,,speedtest.c,SG,AS32934 facebook  inc.,,,,Whitelisted IP
2023-11-30_14-46-44,udp,146.196.111.218,38422,10.79.16.9,1812,local,radius,,,speedtest.c,,,,,,
2023-11-30_14-46-44,tcp,193.163.125.88,55078,175.103.46.158,2122,IN.bound,,syn-sent,,,GB,AS211298 constantine cybersecurity ltd.,Georgs Honeypot,Honeypot,2023-11-22T08:03:30.407000,
2023-11-30_14-46-44,tcp,175.103.46.158,63519,13.107.5.88,443,OUT.bound,https,established,,speedtest.c,US,AS8068 microsoft corporation,Jeeng / Powerbox,,2022-06-12T22:01:23.105000,Cloud Provider IP range
2023-11-30_14-46-44,udp,146.196.111.218,58384,10.79.16.9,1813,local,radius-acct,,,speedtest.c,,,,,,
2023-11-30_14-46-44,udp,175.103.46.158,61756,74.125.130.94,443,OUT.bound,https,,,speedtest.c,US,AS15169 google llc,,,,Whitelisted IP
2023-11-30_14-46-44,udp,175.103.46.158,62473,103.173.74.180,9260,OUT.bound,,,,speedtest.c,,AS140443 pt herza digital indonesia,,,,
2023-11-30_14-46-44,tcp,175.103.46.158,57206,20.198.118.190,443,OUT.bound,https,established,,speedtest.c,IN,AS8075 microsoft corporation,LCIA:HoneyNet:2022,,2023-01-30T23:00:04.143000,Cloud Provider IP range
2023-11-30_14-46-44,tcp,175.103.46.158,62198,71.18.36.225,443,OUT.bound,https,established,,speedtest.c,US,ASNone ,,,,
2023-11-30_14-46-44,tcp,18.163.242.58,23015,175.103.46.158,51830,IN.bound,,established,,speedtest.c,HK,AS16509 amazon.com inc,,,,Cloud Provider IP range
2023-11-30_14-46-44,udp,175.103.46.158,54059,40.81.120.44,3544,OUT.bound,teredo,,,speedtest.c,GB,AS8075 microsoft corporation,,,,Cloud Provider IP range
2023-11-30_14-46-44,tcp,175.103.46.158,55503,20.198.118.190,443,OUT.bound,https,established,,,IN,AS8075 microsoft corporation,LCIA:HoneyNet:2022,,2023-01-30T23:00:04.143000,Cloud Provider IP range
2023-11-30_14-46-44,tcp,157.240.218.61,443,175.103.46.158,48646,IN.bound,https,established,,speedtest.c,SG,AS32934 facebook  inc.,,,,
2023-11-30_14-46-44,tcp,175.103.46.158,58032,64.233.170.188,5228,OUT.bound,hpvroom,established,,speedtest.c,US,AS15169 google llc,,,,Whitelisted IP
2023-11-30_14-46-44,udp,175.103.46.158,49564,40.81.120.44,3544,OUT.bound,teredo,,,speedtest.c,GB,AS8075 microsoft corporation,,,,Cloud Provider IP range
2023-11-30_14-46-44,tcp,175.103.46.158,32930,104.22.33.236,443,OUT.bound,https,established,,speedtest.c,US,AS13335 cloudflare,,,,CDN IP ranges
2023-11-30_14-46-44,tcp,43.198.50.186,23001,175.103.46.158,40008,IN.bound,inovaport2,established,,speedtest.c,US,AS16509 amazon.com inc,,,,
2023-11-30_14-46-44,tcp,175.103.46.158,62528,47.246.158.54,443,OUT.bound,https,established,,speedtest.c,US,AS45102 alibaba (us) technology co.  ltd.,,,,
2023-11-30_14-46-44,tcp,175.103.46.158,51828,101.32.248.90,800,OUT.bound,mdbs-daemon,established,,speedtest.c,SG,AS132203 tencent building  kejizhongyi avenue,,,,
2023-11-30_14-46-44,tcp,175.103.46.158,56786,157.240.211.61,443,OUT.bound,https,established,,speedtest.c,HK,AS32934 facebook  inc.,,,,
2023-11-30_14-46-44,tcp,163.70.141.61,443,175.103.46.158,61873,IN.bound,https,established,,speedtest.c,FR,ASNone ,,,,
2023-11-30_14-46-44,udp,146.196.111.218,48802,10.79.16.9,1813,local,radius-acct,,,speedtest.c,,,,,,
2023-11-30_14-46-44,tcp,43.133.45.194,799,175.103.46.158,45612,IN.bound,,established,,,SG,AS132203 tencent building  kejizhongyi avenue,,,,
2023-11-30_14-46-44,tcp,175.103.46.158,62514,54.192.150.10,443,OUT.bound,https,established,,speedtest.c,US,AS16509 amazon.com inc,,,,CDN IP ranges
2023-11-30_14-46-44,udp,175.103.46.158,62491,103.152.36.130,8853,OUT.bound,,,,speedtest.c,ID,AS140433 pt. colo media netindo,,,,
2023-11-30_14-46-44,tcp,175.103.46.158,41876,31.13.68.61,443,OUT.bound,https,established,,speedtest.c,SG,AS32934 facebook  inc.,,,,Whitelisted IP
2023-11-30_14-46-44,tcp,175.103.46.158,62448,210.210.145.19,443,OUT.bound,https,established,,speedtest.c,ID,AS4787 pt cyberindo aditama,,,,
2023-11-30_14-46-44,tcp,175.103.46.158,62289,52.168.112.67,443,OUT.bound,https,established,,,US,AS8075 microsoft corporation,LCIA:HoneyNet:2023,,2023-06-24T12:00:07.021000,Cloud Provider IP range
2023-11-30_14-46-44,udp,175.103.46.158,50359,216.239.38.120,443,OUT.bound,https,,,speedtest.c,US,AS15169 google llc,Remcos RAT,Remcos (acronym of Remote Control & Surveillance Software) is a Remote Access Software used to remot,2022-10-02T11:03:36.202000,Whitelisted IP
2023-11-30_14-46-44,tcp,175.103.46.158,61853,156.59.239.197,8888,OUT.bound,ddi-tcp-1,established,,speedtest.c,SG,ASNone ,,,,
2023-11-30_14-46-44,udp,175.103.46.158,58921,74.125.24.95,443,OUT.bound,https,,,speedtest.c,US,AS15169 google llc,,,,Whitelisted IP
2023-11-30_14-46-44,udp,175.103.46.158,62473,103.149.176.70,8780,OUT.bound,,,,speedtest.c,ID,ASNone ,,,,
2023-11-30_14-46-44,tcp,175.103.46.158,45582,157.240.199.61,443,OUT.bound,https,established,,speedtest.c,HK,AS32934 facebook  inc.,,,,
2023-11-30_14-46-44,udp,175.103.46.158,60839,74.125.130.94,443,OUT.bound,https,,,speedtest.c,US,AS15169 google llc,,,,Whitelisted IP
2023-11-30_14-46-44,udp,175.103.46.158,62473,202.180.17.36,8645,OUT.bound,,,,speedtest.c,ID,AS38758 pt. hipernet indodata,,,,
2023-11-30_14-46-44,tcp,175.103.46.158,55470,157.240.211.61,443,OUT.bound,https,established,,speedtest.c,HK,AS32934 facebook  inc.,,,,
2023-11-30_14-46-44,tcp,43.128.74.37,799,175.103.46.158,41474,IN.bound,,close-wait,,speedtest.c,SG,AS132203 tencent building  kejizhongyi avenue,,,,
2023-11-30_14-46-44,tcp,175.103.46.158,49238,172.253.118.95,443,OUT.bound,https,last-ack,,speedtest.c,US,AS15169 google llc,,,,
2023-11-30_14-46-44,udp,175.103.46.158,62473,5.181.178.48,9333,OUT.bound,,,,speedtest.c,US,AS35913 dedipath,LCIA:HoneyNet:2022,,2023-01-30T23:00:04.143000,
2023-11-30_14-46-44,udp,175.103.46.158,62491,103.152.36.130,9326,OUT.bound,,,,speedtest.c,ID,AS140433 pt. colo media netindo,,,,
2023-11-30_14-46-44,udp,175.103.46.158,60417,64.233.170.95,443,OUT.bound,https,,,speedtest.c,US,AS15169 google llc,,,,Whitelisted IP
2023-11-30_14-46-44,tcp,47.246.177.252,443,175.103.46.158,61918,IN.bound,https,established,,speedtest.c,US,ASNone ,,,,
2023-11-30_14-46-44,tcp,175.103.46.158,33912,31.13.77.61,443,OUT.bound,https,established,,speedtest.c,HK,AS32934 facebook  inc.,,,,Whitelisted IP
2023-11-30_14-46-44,tcp,192.53.174.79,4001,175.103.46.158,58432,IN.bound,newoak,established,,speedtest.c,SG,AS63949 linode  llc,,,,
2023-11-30_14-46-44,udp,175.103.46.158,62473,202.180.17.36,8742,OUT.bound,,,,speedtest.c,ID,AS38758 pt. hipernet indodata,,,,
2023-11-30_14-46-44,tcp,175.103.46.158,54784,157.240.211.61,443,OUT.bound,https,established,,speedtest.c,HK,AS32934 facebook  inc.,,,,
2023-11-30_14-46-44,udp,175.103.46.158,62473,5.181.178.48,9284,OUT.bound,visd,,,speedtest.c,US,AS35913 dedipath,LCIA:HoneyNet:2022,,2023-01-30T23:00:04.143000,
2023-11-30_14-46-44,tcp,175.103.46.158,46844,43.134.120.219,800,OUT.bound,mdbs-daemon,established,,speedtest.c,SG,AS132203 tencent building  kejizhongyi avenue,,,,
2023-11-30_14-46-44,udp,175.103.46.158,62473,103.149.176.70,8911,OUT.bound,manyone-xml,,,speedtest.c,ID,ASNone ,,,,
2023-11-30_14-46-44,tcp,175.103.46.158,51296,104.22.21.162,443,OUT.bound,https,established,,speedtest.c,US,AS13335 cloudflare,,,,CDN IP ranges
2023-11-30_14-46-44,tcp,175.103.46.158,37978,172.232.251.34,2000,OUT.bound,cisco-sccp,established,,speedtest.c,US,AS20940 akamai international b.v.,,,,
2023-11-30_14-46-44,tcp,175.103.46.158,52048,157.240.211.61,443,OUT.bound,https,established,,speedtest.c,HK,AS32934 facebook  inc.,,,,
2023-11-30_14-46-44,tcp,175.103.46.158,44784,157.240.199.61,443,OUT.bound,https,close-wait,,speedtest.c,HK,AS32934 facebook  inc.,,,,
2023-11-30_14-46-44,tcp,175.103.46.158,49473,20.198.119.84,443,OUT.bound,https,established,,,IN,AS8075 microsoft corporation,,,,Cloud Provider IP range
2023-11-30_14-46-44,tcp,175.103.46.158,55972,192.53.174.79,4001,OUT.bound,newoak,established,,speedtest.c,SG,AS63949 linode  llc,,,,
2023-11-30_14-46-44,tcp,43.128.74.37,799,175.103.46.158,42148,IN.bound,,established,,speedtest.c,SG,AS132203 tencent building  kejizhongyi avenue,,,,
2023-11-30_14-46-44,udp,175.103.46.158,123,114.30.89.30,123,OUT.bound,ntp,,,speedtest.c,ID,ASNone ,,,,
2023-11-30_14-46-44,tcp,175.103.46.158,51750,157.240.211.61,443,OUT.bound,https,established,,speedtest.c,HK,AS32934 facebook  inc.,,,,
2023-11-30_14-46-44,tcp,175.103.46.158,54344,20.198.119.84,443,OUT.bound,https,established,,speedtest.c,IN,AS8075 microsoft corporation,,,,Cloud Provider IP range
2023-11-30_14-46-44,tcp,175.103.46.158,55460,157.240.211.61,443,OUT.bound,https,established,,speedtest.c,HK,AS32934 facebook  inc.,,,,
2023-11-30_14-46-44,tcp,175.103.46.158,50700,101.32.248.90,799,OUT.bound,,established,,speedtest.c,SG,AS132203 tencent building  kejizhongyi avenue,,,,
2023-11-30_14-46-44,tcp,175.103.46.158,47676,157.240.199.61,443,OUT.bound,https,established,,speedtest.c,HK,AS32934 facebook  inc.,,,,
2023-11-30_14-46-44,tcp,175.103.46.158,52230,157.240.211.61,443,OUT.bound,https,established,,speedtest.c,HK,AS32934 facebook  inc.,,,,
2023-11-30_14-46-44,tcp,175.103.46.158,55442,157.240.211.61,443,OUT.bound,https,established,,speedtest.c,HK,AS32934 facebook  inc.,,,,
2023-11-30_14-46-44,tcp,175.103.46.158,63467,117.18.232.200,443,OUT.bound,https,established,,,AU,AS15133 verizon,CVE JAR Found   Massive active Malicious   unlatched issues,Monitoring Tsara Brashears - Extreme cyber attack against documented as alleged SA victim. Non-Adver,2023-11-24T12:03:49.398000,Whitelisted IP
2023-11-30_14-46-44,tcp,43.133.45.194,799,175.103.46.158,46264,IN.bound,,established,,,SG,AS132203 tencent building  kejizhongyi avenue,,,,
2023-11-30_14-46-44,tcp,175.103.46.158,63469,117.18.232.200,443,OUT.bound,https,established,,,AU,AS15133 verizon,CVE JAR Found   Massive active Malicious   unlatched issues,Monitoring Tsara Brashears - Extreme cyber attack against documented as alleged SA victim. Non-Adver,2023-11-24T12:03:49.398000,Whitelisted IP
2023-11-30_14-46-44,tcp,77.90.185.184,44368,175.103.46.156,30217,IN.bound,,syn-sent,,,DE,AS208485 nese mala trading as moon dc,ETIC Cybersecurity 2023-11-30 Port Scan,,2023-11-30T07:43:08.525000,
2023-11-30_14-46-44,tcp,175.103.46.158,62353,36.67.189.250,443,OUT.bound,https,established,,speedtest.c,ID,AS7713 pt telekomunikasi indonesia,,,,
2023-11-30_14-46-44,udp,175.103.46.158,49351,74.125.130.94,443,OUT.bound,https,,,speedtest.c,US,AS15169 google llc,,,,Whitelisted IP
2023-11-30_14-46-44,tcp,175.103.46.158,36002,142.251.175.188,5228,OUT.bound,hpvroom,established,,speedtest.c,US,AS15169 google llc,,,,
2023-11-30_14-46-44,tcp,175.103.46.158,50668,64.233.170.188,5228,OUT.bound,hpvroom,established,,,US,AS15169 google llc,,,,Whitelisted IP
2023-11-30_14-46-44,tcp,175.103.46.158,51830,194.138.37.194,443,OUT.bound,https,established,,speedtest.c,DE,AS15465 siemens ag,,,,
2023-11-30_14-46-44,tcp,175.103.46.158,57164,157.240.199.61,443,OUT.bound,https,established,,speedtest.c,HK,AS32934 facebook  inc.,,,,
2023-11-30_14-46-44,tcp,175.103.46.158,47234,172.64.165.30,443,OUT.bound,https,established,,speedtest.c,US,AS13335 cloudflare,SafeFrame Container,If you want to know what is going to happen when you create a non-iterable object  try these three p,2022-06-05T00:03:45.266000,CDN IP ranges
2023-11-30_14-46-44,tcp,175.103.46.158,50772,142.251.10.188,5228,OUT.bound,hpvroom,established,,speedtest.c,US,AS15169 google llc,firewall conns,Proto NATed Address  - 192.5.8 Â 1.4m -  is the most popular address on the internet for those tryin,2022-10-03T00:03:36.708000,
2023-11-30_14-46-44,tcp,175.103.46.158,48522,157.240.7.53,5222,OUT.bound,xmpp-client,established,,speedtest.c,SG,AS32934 facebook  inc.,,,,Whitelisted IP
2023-11-30_14-46-44,udp,175.103.46.158,62473,103.173.74.180,8734,OUT.bound,,,,speedtest.c,,AS140443 pt herza digital indonesia,,,,
2023-11-30_14-46-44,udp,175.103.46.158,51911,74.125.130.95,443,OUT.bound,https,,,speedtest.c,US,AS15169 google llc,,,,Whitelisted IP
2023-11-30_14-46-44,tcp,218.92.0.101,44947,175.103.46.158,22,IN.bound,,close,,speedtest.c,CN,AS4134 chinanet,IOCs - 20231081410 - ANIA Threat Feeds - IP Segment 1,ANIA Collector - Advanced Network Interactive Analysis Collector - Collected from Internet Storm Cen,2023-11-07T22:02:18.651000,
2023-11-30_14-46-44,udp,175.103.46.158,62473,202.180.17.37,9444,OUT.bound,wso2esb-console,,,speedtest.c,ID,AS38758 pt. hipernet indodata,,,,
2023-11-30_14-46-44,tcp,138.199.46.216,80,175.103.46.158,54131,IN.bound,http,established,,,SG,AS60068 datacamp limited,LCIA:HoneyNet:2023,,2023-06-24T12:00:07.021000,
2023-11-30_14-46-44,tcp,175.103.46.158,40696,31.13.77.61,443,OUT.bound,https,established,,speedtest.c,HK,AS32934 facebook  inc.,,,,Whitelisted IP
2023-11-30_14-46-44,tcp,175.103.46.158,56191,157.240.235.60,443,OUT.bound,https,established,,speedtest.c,SG,AS32934 facebook  inc.,,,,
2023-11-30_14-46-44,tcp,175.103.46.158,53636,184.25.236.178,443,OUT.bound,https,syn-sent,,,ID,AS7713 pt telekomunikasi indonesia,,,,Whitelisted IP
2023-11-30_14-46-44,udp,175.103.46.158,62473,103.173.74.180,9220,OUT.bound,,,,speedtest.c,,AS140443 pt herza digital indonesia,,,,
2023-11-30_14-46-44,tcp,175.103.46.158,50655,64.233.170.188,5228,OUT.bound,hpvroom,established,,speedtest.c,US,AS15169 google llc,,,,Whitelisted IP
2023-11-30_14-46-44,tcp,175.103.46.158,53634,184.25.236.178,443,OUT.bound,https,syn-sent,,,ID,AS7713 pt telekomunikasi indonesia,,,,Whitelisted IP
2023-11-30_14-46-44,tcp,175.103.46.158,60405,92.223.85.121,80,OUT.bound,http,established,,,SG,AS199524 g-core labs s.a.,,,,
2023-11-30_14-46-44,icmp,146.196.111.218,,74.125.68.101,,OUT.bound,,,google.com,,US,AS15169 google llc,,,,Whitelisted IP
2023-11-30_14-46-44,tcp,175.103.46.158,35420,31.13.75.61,443,OUT.bound,https,established,,speedtest.c,HK,AS32934 facebook  inc.,,,,Whitelisted IP
2023-11-30_14-46-44,tcp,157.240.217.61,443,175.103.46.158,33884,IN.bound,https,established,,speedtest.c,SG,AS32934 facebook  inc.,,,,
2023-11-30_14-46-44,tcp,92.223.85.54,80,175.103.46.158,62734,IN.bound,http,established,,,SG,AS199524 g-core labs s.a.,,,,
2023-11-30_14-46-44,udp,175.103.46.158,32861,51.81.245.139,25,OUT.bound,smtp,,,speedtest.c,US,AS16276 ovh sas,IOCs - 20231081410 - ANIA Threat Feeds - IP Segment 1,ANIA Collector - Advanced Network Interactive Analysis Collector - Collected from Internet Storm Cen,2023-11-07T22:02:18.651000,
2023-11-30_14-46-44,tcp,175.103.46.158,64249,20.198.118.190,443,OUT.bound,https,established,,speedtest.c,IN,AS8075 microsoft corporation,LCIA:HoneyNet:2022,,2023-01-30T23:00:04.143000,Cloud Provider IP range
2023-11-30_14-46-44,tcp,175.103.46.158,50504,104.22.21.162,443,OUT.bound,https,established,,speedtest.c,US,AS13335 cloudflare,,,,CDN IP ranges
2023-11-30_14-46-44,udp,175.103.46.158,62439,34.107.238.235,443,OUT.bound,https,,,speedtest.c,US,AS15169 google llc,,,,Cloud Provider IP range
2023-11-30_14-46-44,tcp,175.103.46.158,46338,43.133.45.194,799,OUT.bound,,established,,speedtest.c,SG,AS132203 tencent building  kejizhongyi avenue,,,,
2023-11-30_14-46-44,udp,10.161.60.21,5678,255.255.255.255,5678,broadcast,rrac,,,speedtest.c,,,,,,
2023-11-30_14-46-44,tcp,175.103.46.158,63621,34.151.192.19,5938,OUT.bound,,established,,speedtest.c,BR,AS396982 google,,,,
2023-11-30_14-46-44,tcp,43.134.53.107,799,175.103.46.158,38304,IN.bound,,established,,,SG,AS132203 tencent building  kejizhongyi avenue,,,,
2023-11-30_14-46-44,tcp,94.102.61.42,50613,175.103.46.158,23023,IN.bound,,syn-sent,,,GB,AS202425 ip volume inc,ETIC Cybersecurity 2023-11-30 Port Scan,,2023-11-30T07:42:38.202000,
2023-11-30_14-46-44,tcp,175.103.46.158,49357,142.251.10.95,443,OUT.bound,https,established,,speedtest.c,US,AS15169 google llc,uTorrent seeds from a VM,The world ,2022-12-16T13:03:24.863000,
2023-11-30_14-46-44,tcp,175.103.46.158,62398,13.89.179.10,443,OUT.bound,https,established,,,US,AS8075 microsoft corporation,,,,Cloud Provider IP range
2023-11-30_14-46-44,udp,175.103.46.158,62473,202.180.17.36,9136,OUT.bound,,,,speedtest.c,ID,AS38758 pt. hipernet indodata,,,,
2023-11-30_14-46-44,udp,175.103.46.158,62519,156.59.192.183,443,OUT.bound,https,,,speedtest.c,SG,AS21859 zenlayer inc,,,,
2023-11-30_14-46-44,udp,175.103.46.158,47114,51.81.245.139,25,OUT.bound,smtp,,,speedtest.c,US,AS16276 ovh sas,IOCs - 20231081410 - ANIA Threat Feeds - IP Segment 1,ANIA Collector - Advanced Network Interactive Analysis Collector - Collected from Internet Storm Cen,2023-11-07T22:02:18.651000,
2023-11-30_14-46-44,tcp,175.103.46.158,59388,13.248.244.92,80,OUT.bound,http,established,,,US,AS16509 amazon.com inc,,,,Cloud Provider IP range
2023-11-30_14-46-44,udp,175.103.46.158,53659,172.217.194.95,443,OUT.bound,https,,,speedtest.c,US,AS15169 google llc,,,,Whitelisted IP
2023-11-30_14-46-44,tcp,175.103.46.158,52454,18.139.106.18,443,OUT.bound,https,established,,speedtest.c,SG,AS16509 amazon.com inc,,,,Cloud Provider IP range
2023-11-30_14-46-44,tcp,175.103.46.158,41342,31.13.68.61,5222,OUT.bound,xmpp-client,established,,speedtest.c,SG,AS32934 facebook  inc.,,,,Whitelisted IP
2023-11-30_14-46-44,tcp,175.103.46.158,48426,157.240.199.61,443,OUT.bound,https,established,,speedtest.c,HK,AS32934 facebook  inc.,,,,
2023-11-30_14-46-44,tcp,175.103.46.158,61991,35.213.190.132,443,OUT.bound,https,established,,speedtest.c,SG,AS15169 google llc,,,,Cloud Provider IP range
2023-11-30_14-46-44,tcp,175.103.46.158,48698,43.134.53.107,800,OUT.bound,mdbs-daemon,established,,speedtest.c,SG,AS132203 tencent building  kejizhongyi avenue,,,,
2023-11-30_14-46-44,tcp,175.103.46.158,52130,157.240.235.61,443,OUT.bound,https,established,,speedtest.c,SG,AS32934 facebook  inc.,,,,
2023-11-30_14-46-44,tcp,43.128.74.37,799,175.103.46.158,41266,IN.bound,,established,,speedtest.c,SG,AS132203 tencent building  kejizhongyi avenue,,,,
2023-11-30_14-46-44,udp,175.103.46.158,62473,103.152.36.130,8552,OUT.bound,,,,speedtest.c,ID,AS140433 pt. colo media netindo,,,,
2023-11-30_14-46-44,tcp,175.103.46.158,48714,157.240.199.61,443,OUT.bound,https,established,,speedtest.c,HK,AS32934 facebook  inc.,,,,
2023-11-30_14-46-44,udp,175.103.46.158,52944,74.125.24.113,443,OUT.bound,https,,,speedtest.c,US,AS15169 google llc,,,,Whitelisted IP
2023-11-30_14-46-44,tcp,175.103.46.158,50289,188.172.208.136,5938,OUT.bound,,established,,speedtest.c,TW,AS42473 anexia internetdienstleistungs gmbh,,,,
2023-11-30_14-46-44,tcp,175.103.46.158,59214,31.13.68.61,443,OUT.bound,https,established,,speedtest.c,SG,AS32934 facebook  inc.,,,,Whitelisted IP
2023-11-30_14-46-44,udp,175.103.46.158,62493,156.59.78.191,443,OUT.bound,https,,,speedtest.c,SG,AS21859 zenlayer inc,,,,
2023-11-30_14-46-44,tcp,175.103.46.158,63468,117.18.232.200,443,OUT.bound,https,established,,,AU,AS15133 verizon,CVE JAR Found   Massive active Malicious   unlatched issues,Monitoring Tsara Brashears - Extreme cyber attack against documented as alleged SA victim. Non-Adver,2023-11-24T12:03:49.398000,Whitelisted IP
2023-11-30_14-46-44,icmp,188.42.84.152,,175.103.46.158,,IN.bound,,,,speedtest.c,LU,AS7979 servers.com  inc.,,,,
2023-11-30_14-46-44,tcp,175.103.46.158,65103,92.223.85.147,80,OUT.bound,http,established,,,SG,AS199524 g-core labs s.a.,,,,
2023-11-30_14-46-44,tcp,175.103.46.158,54364,188.172.201.132,5938,OUT.bound,,established,,speedtest.c,HK,AS42473 anexia internetdienstleistungs gmbh,,,,
2023-11-30_14-46-44,udp,175.103.46.158,62473,202.180.17.36,9489,OUT.bound,,,,speedtest.c,ID,AS38758 pt. hipernet indodata,,,,
2023-11-30_14-46-44,tcp,175.103.46.158,65427,31.13.95.60,443,OUT.bound,https,time-wait,,speedtest.c,ID,AS32934 facebook  inc.,,,,Whitelisted IP
2023-11-30_14-46-44,tcp,175.103.46.158,45382,43.133.45.194,800,OUT.bound,mdbs-daemon,established,,speedtest.c,SG,AS132203 tencent building  kejizhongyi avenue,,,,
2023-11-30_14-46-44,tcp,175.103.46.158,48202,104.21.2.38,443,OUT.bound,https,established,,speedtest.c,US,AS13335 cloudflare,,,,CDN IP ranges
2023-11-30_14-46-44,tcp,142.251.10.188,5228,175.103.46.158,51862,IN.bound,hpvroom,established,,speedtest.c,US,AS15169 google llc,firewall conns,Proto NATed Address  - 192.5.8 Â 1.4m -  is the most popular address on the internet for those tryin,2022-10-03T00:03:36.708000,
2023-11-30_14-46-44,udp,175.103.46.158,49114,216.239.38.120,443,OUT.bound,https,,,speedtest.c,US,AS15169 google llc,Remcos RAT,Remcos (acronym of Remote Control & Surveillance Software) is a Remote Access Software used to remot,2022-10-02T11:03:36.202000,Whitelisted IP
2023-11-30_14-46-44,udp,175.103.46.158,62473,5.181.178.48,8727,OUT.bound,,,,speedtest.c,US,AS35913 dedipath,LCIA:HoneyNet:2022,,2023-01-30T23:00:04.143000,
2023-11-30_14-46-44,tcp,175.103.46.158,61160,52.168.117.168,443,OUT.bound,https,established,,speedtest.c,US,AS8075 microsoft corporation,,,,Cloud Provider IP range
2023-11-30_14-46-44,tcp,175.103.46.158,51646,52.184.214.53,443,OUT.bound,https,established,,,US,AS8075 microsoft corporation,,,,Cloud Provider IP range
2023-11-30_14-46-44,udp,175.103.46.158,62473,103.173.74.180,8945,OUT.bound,,,,speedtest.c,,AS140443 pt herza digital indonesia,,,,
2023-11-30_14-46-44,tcp,175.103.46.158,62522,210.210.145.9,443,OUT.bound,https,established,,speedtest.c,ID,AS4787 pt cyberindo aditama,,,,
2023-11-30_14-46-44,udp,175.103.46.158,53139,142.250.4.94,443,OUT.bound,https,,,speedtest.c,US,AS15169 google llc,uTorrent seeds from a VM,The world ,2022-12-16T13:03:24.863000,
2023-11-30_14-46-44,tcp,175.103.46.158,53886,172.64.164.30,443,OUT.bound,https,established,,speedtest.c,US,AS13335 cloudflare,SafeFrame Container,If you want to know what is going to happen when you create a non-iterable object  try these three p,2022-06-05T00:03:45.266000,CDN IP ranges
2023-11-30_14-46-44,tcp,175.103.46.158,36412,142.251.10.100,443,OUT.bound,https,time-wait,,speedtest.c,US,AS15169 google llc,,,,
2023-11-30_14-46-44,tcp,175.103.46.158,56963,142.251.10.95,443,OUT.bound,https,established,,speedtest.c,US,AS15169 google llc,uTorrent seeds from a VM,The world ,2022-12-16T13:03:24.863000,
2023-11-30_14-46-44,tcp,155.138.243.251,443,175.103.46.158,63376,IN.bound,https,established,,speedtest.c,US,AS20473 the constant company  llc,,,,
2023-11-30_14-46-44,tcp,175.103.46.158,54689,172.104.174.27,1194,OUT.bound,openvpn,established,,speedtest.c,SG,AS63949 linode  llc,,,,
2023-11-30_14-46-44,tcp,43.133.45.194,799,175.103.46.158,45834,IN.bound,,established,,speedtest.c,SG,AS132203 tencent building  kejizhongyi avenue,,,,
2023-11-30_14-46-44,tcp,175.103.46.158,56674,157.240.199.61,443,OUT.bound,https,established,,speedtest.c,HK,AS32934 facebook  inc.,,,,
2023-11-30_14-46-44,tcp,175.103.46.158,46834,43.134.120.219,799,OUT.bound,,established,,speedtest.c,SG,AS132203 tencent building  kejizhongyi avenue,,,,
2023-11-30_14-46-44,tcp,175.103.46.158,51646,20.198.119.143,443,OUT.bound,https,established,,speedtest.c,IN,AS8075 microsoft corporation,,,,Cloud Provider IP range
2023-11-30_14-46-44,tcp,175.103.46.158,49696,103.115.98.3,443,OUT.bound,https,established,,speedtest.c,SG,AS9890 atos information technology,,,,
2023-11-30_14-46-44,udp,175.103.46.158,62465,71.18.255.172,9681,OUT.bound,,,,speedtest.c,US,AS138699 tiktok pte. ltd.,,,,
2023-11-30_14-46-44,tcp,43.133.45.194,799,175.103.46.158,45600,IN.bound,,established,,speedtest.c,SG,AS132203 tencent building  kejizhongyi avenue,,,,
2023-11-30_14-46-44,tcp,175.103.46.158,62526,210.210.145.136,443,OUT.bound,https,established,,speedtest.c,ID,AS4787 pt cyberindo aditama,,,,
2023-11-30_14-46-44,tcp,175.103.46.158,50218,52.178.17.233,443,OUT.bound,https,established,,,NL,AS8075 microsoft corporation,,,,Cloud Provider IP range
2023-11-30_14-46-44,tcp,175.103.46.158,49517,20.198.119.143,443,OUT.bound,https,established,,speedtest.c,IN,AS8075 microsoft corporation,,,,Cloud Provider IP range
2023-11-30_14-46-44,udp,175.103.46.158,62473,103.149.176.70,8845,OUT.bound,,,,speedtest.c,ID,ASNone ,,,,
2023-11-30_14-46-44,tcp,175.103.46.158,57951,172.253.118.94,80,OUT.bound,http,close,,speedtest.c,US,AS15169 google llc,,,,
2023-11-30_14-46-44,udp,175.103.46.158,62473,206.84.112.27,9287,OUT.bound,cumulus,,,speedtest.c,ID,AS64315 pt mitra visioner pratama,,,,
2023-11-30_14-46-44,tcp,175.103.46.158,63059,74.125.200.188,5228,OUT.bound,hpvroom,established,,,US,AS15169 google llc,LCIA:HoneyNet:2023,pulled from router,2023-07-23T12:04:51.473000,Whitelisted IP
2023-11-30_14-46-44,tcp,175.103.46.158,52605,143.244.33.70,80,OUT.bound,http,established,,,SG,AS60068 datacamp limited,LCIA:HoneyNet:2023,,2023-06-24T12:00:07.021000,
2023-11-30_14-46-44,udp,175.103.46.158,62473,5.181.178.48,8533,OUT.bound,,,,speedtest.c,US,AS35913 dedipath,LCIA:HoneyNet:2022,,2023-01-30T23:00:04.143000,
2023-11-30_14-46-44,tcp,43.134.120.219,799,175.103.46.158,45892,IN.bound,,established,,speedtest.c,SG,AS132203 tencent building  kejizhongyi avenue,,,,
2023-11-30_14-46-44,tcp,175.103.46.158,46916,43.134.120.219,799,OUT.bound,,established,,speedtest.c,SG,AS132203 tencent building  kejizhongyi avenue,,,,
2023-11-30_14-46-44,tcp,175.103.46.158,57728,74.125.130.94,80,OUT.bound,http,established,,speedtest.c,US,AS15169 google llc,,,,Whitelisted IP
2023-11-30_14-46-44,udp,175.103.46.158,62330,210.210.145.73,443,OUT.bound,https,,,speedtest.c,ID,AS4787 pt cyberindo aditama,,,,
2023-11-30_14-46-44,udp,175.103.46.158,62473,103.152.36.130,9421,OUT.bound,,,,speedtest.c,ID,AS140433 pt. colo media netindo,,,,
2023-11-30_14-46-44,tcp,175.103.46.158,63652,34.84.242.117,5938,OUT.bound,,established,,speedtest.c,JP,AS396982 google,,,,Cloud Provider IP range
2023-11-30_14-46-44,tcp,43.134.120.219,799,175.103.46.158,46628,IN.bound,,established,,,SG,AS132203 tencent building  kejizhongyi avenue,,,,
2023-11-30_14-46-44,tcp,43.128.74.37,799,175.103.46.158,41514,IN.bound,,established,,speedtest.c,SG,AS132203 tencent building  kejizhongyi avenue,,,,
2023-11-30_14-46-44,udp,175.103.46.158,57855,157.240.235.60,443,OUT.bound,https,,,speedtest.c,SG,AS32934 facebook  inc.,,,,
2023-11-30_14-46-44,tcp,175.103.46.158,48204,104.21.2.38,443,OUT.bound,https,established,,speedtest.c,US,AS13335 cloudflare,,,,CDN IP ranges
2023-11-30_14-46-44,udp,175.103.46.158,5678,192.168.121.1,53,local,domain,,,speedtest.c,,,,,,
2023-11-30_14-46-44,tcp,175.103.46.158,60850,157.240.235.61,443,OUT.bound,https,established,,speedtest.c,SG,AS32934 facebook  inc.,,,,
2023-11-30_14-46-44,tcp,43.133.45.194,799,175.103.46.158,45870,IN.bound,,established,,,SG,AS132203 tencent building  kejizhongyi avenue,,,,
2023-11-30_14-46-44,udp,175.103.46.158,53070,216.239.38.120,443,OUT.bound,https,,,speedtest.c,US,AS15169 google llc,Remcos RAT,Remcos (acronym of Remote Control & Surveillance Software) is a Remote Access Software used to remot,2022-10-02T11:03:36.202000,Whitelisted IP
2023-11-30_14-46-44,tcp,175.103.46.158,45998,188.42.124.132,443,OUT.bound,https,time-wait,,speedtest.c,SG,AS7979 servers.com  inc.,,,,
2023-11-30_14-46-44,udp,175.103.46.158,63244,142.251.12.136,443,OUT.bound,https,,,speedtest.c,US,AS15169 google llc,,,,
2023-11-30_14-46-44,tcp,43.134.53.107,799,175.103.46.158,38898,IN.bound,,established,,speedtest.c,SG,AS132203 tencent building  kejizhongyi avenue,,,,
2023-11-30_14-46-44,tcp,175.103.46.158,49714,149.154.175.53,443,OUT.bound,https,established,,speedtest.c,AG,AS59930 telegram messenger inc,,,,
2023-11-30_14-46-44,tcp,175.103.46.158,65143,213.227.167.133,5938,OUT.bound,,established,,speedtest.c,AU,AS42473 anexia internetdienstleistungs gmbh,conns,The full list of candidates for the 2016 General Election has been released.. and here are the key p,2022-09-03T00:03:41.487000,
2023-11-30_14-46-44,tcp,175.103.46.158,38964,43.134.53.107,799,OUT.bound,,established,,speedtest.c,SG,AS132203 tencent building  kejizhongyi avenue,,,,
2023-11-30_14-46-44,tcp,175.103.46.158,35424,31.13.75.61,443,OUT.bound,https,established,,speedtest.c,HK,AS32934 facebook  inc.,,,,Whitelisted IP
2023-11-30_14-46-44,udp,175.103.46.158,62473,202.180.17.36,8889,OUT.bound,ddi-tcp-2,,,speedtest.c,ID,AS38758 pt. hipernet indodata,,,,
2023-11-30_14-46-44,tcp,175.103.46.158,61948,31.13.95.9,443,OUT.bound,https,established,,speedtest.c,ID,AS32934 facebook  inc.,,,,Whitelisted IP
2023-11-30_14-46-44,tcp,43.128.74.37,799,175.103.46.158,41742,IN.bound,,established,,speedtest.c,SG,AS132203 tencent building  kejizhongyi avenue,,,,
2023-11-30_14-46-44,tcp,175.103.46.158,62292,91.108.56.139,443,OUT.bound,https,established,,speedtest.c,AG,AS62014 telegram messenger inc,,,,
2023-11-30_14-46-44,udp,175.103.46.158,62473,103.149.176.70,9369,OUT.bound,,,,speedtest.c,ID,ASNone ,,,,
2023-11-30_14-46-44,tcp,43.134.120.219,799,175.103.46.158,46334,IN.bound,,established,,speedtest.c,SG,AS132203 tencent building  kejizhongyi avenue,,,,
2023-11-30_14-46-44,udp,175.103.46.158,123,103.134.77.146,123,OUT.bound,ntp,,,speedtest.c,ID,AS138143 pt gerbang akses indonesia,,,,
2023-11-30_14-46-44,tcp,175.103.46.158,50749,91.108.56.100,80,OUT.bound,http,established,,speedtest.c,AG,AS62014 telegram messenger inc,,,,
2023-11-30_14-46-44,tcp,43.134.53.107,799,175.103.46.158,38744,IN.bound,,established,,speedtest.c,SG,AS132203 tencent building  kejizhongyi avenue,,,,
2023-11-30_14-46-44,udp,175.103.46.158,123,36.91.114.83,123,OUT.bound,ntp,,,speedtest.c,ID,AS7713 pt telekomunikasi indonesia,IOCs - 2023491242 - ANIA Threat Feeds - IP Segment 5,ANIA Collector - Advanced Network Interactive Analysis Collector - Collected from Internet Storm Cen,2023-05-09T13:02:06.153000,
2023-11-30_14-46-44,udp,175.103.46.158,62491,5.181.178.48,9049,OUT.bound,,,,speedtest.c,US,AS35913 dedipath,LCIA:HoneyNet:2022,,2023-01-30T23:00:04.143000,
2023-11-30_14-46-44,tcp,175.103.46.158,52692,20.198.119.84,443,OUT.bound,https,established,,speedtest.c,IN,AS8075 microsoft corporation,,,,Cloud Provider IP range
2023-11-30_14-46-44,udp,175.103.46.158,62473,103.173.74.180,9361,OUT.bound,,,,speedtest.c,,AS140443 pt herza digital indonesia,,,,
2023-11-30_14-46-44,tcp,175.103.46.158,51675,20.189.173.15,443,OUT.bound,https,established,,speedtest.c,US,AS8075 microsoft corporation,CVE:CVE-1999-0095,An attack on the Sendmail server is being investigated by researchers at the University of Californi,2023-11-21T01:02:17.904000,Cloud Provider IP range
2023-11-30_14-46-44,tcp,175.103.46.158,50658,101.32.248.90,799,OUT.bound,,established,,speedtest.c,SG,AS132203 tencent building  kejizhongyi avenue,,,,
2023-11-30_14-46-44,tcp,18.163.242.58,23008,175.103.46.158,49458,IN.bound,,established,,speedtest.c,HK,AS16509 amazon.com inc,,,,Cloud Provider IP range
2023-11-30_14-46-44,tcp,175.103.46.158,48338,157.240.7.53,443,OUT.bound,https,established,,speedtest.c,SG,AS32934 facebook  inc.,,,,Whitelisted IP
2023-11-30_14-46-44,udp,175.103.46.158,62473,202.180.17.36,9303,OUT.bound,,,,speedtest.c,ID,AS38758 pt. hipernet indodata,,,,
2023-11-30_14-46-44,udp,175.103.46.158,59045,103.134.77.146,123,OUT.bound,ntp,,,speedtest.c,ID,AS138143 pt gerbang akses indonesia,,,,
2023-11-30_14-46-44,udp,175.103.46.158,62473,103.149.176.70,8571,OUT.bound,,,,speedtest.c,ID,ASNone ,,,,
2023-11-30_14-46-44,tcp,175.103.46.158,64123,74.125.200.188,5228,OUT.bound,hpvroom,established,,,US,AS15169 google llc,LCIA:HoneyNet:2023,pulled from router,2023-07-23T12:04:51.473000,Whitelisted IP
2023-11-30_14-46-44,udp,175.103.46.158,50417,74.125.68.84,443,OUT.bound,https,,,speedtest.c,US,AS15169 google llc,,,,Whitelisted IP
2023-11-30_14-46-44,tcp,175.103.46.158,55738,157.240.217.61,443,OUT.bound,https,established,,speedtest.c,SG,AS32934 facebook  inc.,,,,
2023-11-30_14-46-44,tcp,175.103.46.158,50719,91.108.56.100,80,OUT.bound,http,established,,speedtest.c,AG,AS62014 telegram messenger inc,,,,
2023-11-30_14-46-44,udp,175.103.46.158,62473,206.84.112.27,8991,OUT.bound,https-wmap,,,speedtest.c,ID,AS64315 pt mitra visioner pratama,,,,
2023-11-30_14-46-44,tcp,43.206.188.149,443,175.103.46.158,60533,IN.bound,https,established,,speedtest.c,US,AS16509 amazon.com inc,,,,
2023-11-30_14-46-44,tcp,43.128.74.37,799,175.103.46.158,42492,IN.bound,,established,,speedtest.c,SG,AS132203 tencent building  kejizhongyi avenue,,,,
2023-11-30_14-46-44,tcp,175.103.46.158,50622,91.92.248.9,443,OUT.bound,https,established,,speedtest.c,BG,AS34368 zonata - natskovi & sie ltd.,,,,
2023-11-30_14-46-44,tcp,175.103.46.158,49416,20.198.118.190,443,OUT.bound,https,established,,speedtest.c,IN,AS8075 microsoft corporation,LCIA:HoneyNet:2022,,2023-01-30T23:00:04.143000,Cloud Provider IP range
2023-11-30_14-46-44,udp,175.103.46.158,62520,156.59.192.176,443,OUT.bound,https,,,speedtest.c,SG,AS21859 zenlayer inc,,,,
2023-11-30_14-46-44,tcp,167.94.138.156,51144,175.103.46.156,13451,IN.bound,,syn-sent,,,US,AS398324 censys  inc.,ETIC Cybersecurity 2023-11-29 Port Scan,,2023-11-29T22:59:38.184000,
2023-11-30_14-46-44,icmp,188.42.84.150,,175.103.46.158,,IN.bound,,,,speedtest.c,LU,AS7979 servers.com  inc.,,,,
2023-11-30_14-46-44,udp,175.103.46.158,62491,5.181.178.48,9055,OUT.bound,,,,speedtest.c,US,AS35913 dedipath,LCIA:HoneyNet:2022,,2023-01-30T23:00:04.143000,
2023-11-30_14-46-44,tcp,175.103.46.158,65402,52.184.217.37,443,OUT.bound,https,established,,,US,AS8075 microsoft corporation,,,,Cloud Provider IP range
2023-11-30_14-46-44,tcp,175.103.46.158,45654,157.240.199.61,443,OUT.bound,https,established,,speedtest.c,HK,AS32934 facebook  inc.,,,,
2023-11-30_14-46-44,tcp,43.134.53.107,799,175.103.46.158,38470,IN.bound,,established,,speedtest.c,SG,AS132203 tencent building  kejizhongyi avenue,,,,
2023-11-30_14-46-44,tcp,74.125.200.188,5228,175.103.46.158,61850,IN.bound,hpvroom,established,,speedtest.c,US,AS15169 google llc,LCIA:HoneyNet:2023,pulled from router,2023-07-23T12:04:51.473000,Whitelisted IP
2023-11-30_14-46-44,tcp,175.103.46.158,41282,74.125.24.95,443,OUT.bound,https,established,,speedtest.c,US,AS15169 google llc,,,,Whitelisted IP
2023-11-30_14-46-44,udp,175.103.46.158,62473,5.181.178.48,8651,OUT.bound,,,,speedtest.c,US,AS35913 dedipath,LCIA:HoneyNet:2022,,2023-01-30T23:00:04.143000,
2023-11-30_14-46-44,tcp,64.176.80.9,443,175.103.46.158,63375,IN.bound,https,established,,speedtest.c,US,ASNone ,,,,
2023-11-30_14-46-44,udp,175.103.46.158,62486,103.160.155.89,443,OUT.bound,https,,,speedtest.c,ID,AS138077 pt abhinawa sumberdaya asia,,,,
2023-11-30_14-46-44,udp,175.103.46.158,62473,206.84.112.27,8595,OUT.bound,,,,speedtest.c,ID,AS64315 pt mitra visioner pratama,,,,
2023-11-30_14-46-44,udp,175.103.46.158,62473,103.149.176.70,8574,OUT.bound,,,,speedtest.c,ID,ASNone ,,,,
2023-11-30_14-46-44,udp,175.103.46.158,62473,5.181.178.48,9402,OUT.bound,sec-pc2fax-srv,,,speedtest.c,US,AS35913 dedipath,LCIA:HoneyNet:2022,,2023-01-30T23:00:04.143000,
2023-11-30_14-46-44,tcp,175.103.46.158,50942,157.240.211.61,443,OUT.bound,https,established,,speedtest.c,HK,AS32934 facebook  inc.,,,,
2023-11-30_14-46-44,udp,175.103.46.158,53952,142.251.175.95,443,OUT.bound,https,,,speedtest.c,US,AS15169 google llc,,,,
2023-11-30_14-46-44,udp,10.20.30.162,55995,255.255.255.255,10002,broadcast,,,,speedtest.c,,,,,,
2023-11-30_14-46-44,tcp,175.103.46.158,62516,210.210.145.138,443,OUT.bound,https,established,,speedtest.c,ID,AS4787 pt cyberindo aditama,,,,
2023-11-30_14-46-44,tcp,175.103.46.158,55665,142.251.10.95,443,OUT.bound,https,established,,speedtest.c,US,AS15169 google llc,uTorrent seeds from a VM,The world ,2022-12-16T13:03:24.863000,
2023-11-30_14-46-44,udp,175.103.46.158,62473,206.84.112.27,8969,OUT.bound,,,,speedtest.c,ID,AS64315 pt mitra visioner pratama,,,,
2023-11-30_14-46-44,tcp,43.133.45.194,799,175.103.46.158,45506,IN.bound,,established,,,SG,AS132203 tencent building  kejizhongyi avenue,,,,
2023-11-30_14-46-44,tcp,175.103.46.158,63190,20.44.10.122,443,OUT.bound,https,established,,speedtest.c,US,AS8075 microsoft corporation,LCIA:HoneyNet:2022,,2023-01-30T23:00:04.143000,Cloud Provider IP range
2023-11-30_14-46-44,tcp,175.103.46.158,50502,104.22.21.162,443,OUT.bound,https,established,,speedtest.c,US,AS13335 cloudflare,,,,CDN IP ranges
2023-11-30_14-46-44,tcp,175.103.46.158,35782,172.67.70.70,443,OUT.bound,https,established,,speedtest.c,US,AS13335 cloudflare,,,,CDN IP ranges
2023-11-30_14-46-44,udp,175.103.46.158,62473,103.152.36.130,9277,OUT.bound,traingpsdata,,,speedtest.c,ID,AS140433 pt. colo media netindo,,,,
2023-11-30_14-46-44,tcp,175.103.46.158,51674,157.240.211.61,443,OUT.bound,https,established,,speedtest.c,HK,AS32934 facebook  inc.,,,,
2023-11-30_14-46-44,udp,175.103.46.158,59903,51.81.245.139,25,OUT.bound,smtp,,,speedtest.c,US,AS16276 ovh sas,IOCs - 20231081410 - ANIA Threat Feeds - IP Segment 1,ANIA Collector - Advanced Network Interactive Analysis Collector - Collected from Internet Storm Cen,2023-11-07T22:02:18.651000,
2023-11-30_14-46-44,tcp,175.103.46.158,50755,91.108.56.100,80,OUT.bound,http,established,,speedtest.c,AG,AS62014 telegram messenger inc,,,,
2023-11-30_14-46-44,tcp,43.128.74.37,799,175.103.46.158,41534,IN.bound,,established,,speedtest.c,SG,AS132203 tencent building  kejizhongyi avenue,,,,
2023-11-30_14-46-44,udp,175.103.46.158,59045,114.30.89.30,123,OUT.bound,ntp,,,speedtest.c,ID,ASNone ,,,,
2023-11-30_14-46-44,udp,175.103.46.158,62473,103.149.176.70,9488,OUT.bound,,,,speedtest.c,ID,ASNone ,,,,
2023-11-30_14-46-44,tcp,15.197.193.114,443,175.103.46.158,63368,IN.bound,https,established,,speedtest.c,US,AS16509 amazon.com inc,,,,Cloud Provider IP range
2023-11-30_14-46-44,tcp,175.103.46.158,62418,108.177.122.94,443,OUT.bound,https,established,,,US,AS15169 google llc,,,,Whitelisted IP
2023-11-30_14-46-44,icmp,175.103.46.158,,175.103.46.157,,local,,,,speedtest.c,,,,,,
2023-11-30_14-46-44,udp,10.20.30.114,48102,255.255.255.255,10002,broadcast,,,,speedtest.c,,,,,,
2023-11-30_14-46-44,udp,175.103.46.158,62206,34.111.101.25,443,OUT.bound,https,,,speedtest.c,US,AS15169 google llc,,,,
2023-11-30_14-46-44,udp,175.103.46.158,61655,74.125.24.94,443,OUT.bound,https,,,speedtest.c,US,AS15169 google llc,,,,Whitelisted IP
2023-11-30_14-46-44,tcp,24.199.86.58,443,175.103.46.158,63377,IN.bound,https,established,,speedtest.c,US,ASNone ,,,,
2023-11-30_14-46-44,tcp,43.133.45.194,799,175.103.46.158,45806,IN.bound,,established,,speedtest.c,SG,AS132203 tencent building  kejizhongyi avenue,,,,
2023-11-30_14-46-44,udp,175.103.46.158,53429,31.13.95.60,443,OUT.bound,https,,,speedtest.c,ID,AS32934 facebook  inc.,,,,Whitelisted IP
2023-11-30_14-46-44,tcp,175.103.46.158,51637,20.50.73.13,443,OUT.bound,https,established,,,IE,AS8075 microsoft corporation,,,,Cloud Provider IP range
2023-11-30_14-46-44,tcp,175.103.46.158,56528,172.64.164.30,80,OUT.bound,http,established,,,US,AS13335 cloudflare,SafeFrame Container,If you want to know what is going to happen when you create a non-iterable object  try these three p,2022-06-05T00:03:45.266000,CDN IP ranges
2023-11-30_14-46-44,tcp,175.103.46.158,62506,36.91.254.100,443,OUT.bound,https,established,,speedtest.c,ID,AS7713 pt telekomunikasi indonesia,,,,
2023-11-30_14-46-44,tcp,175.103.46.158,62327,130.44.212.235,443,OUT.bound,https,established,,speedtest.c,US,AS396986 bytedance inc.,,,,
2023-11-30_14-46-44,tcp,175.103.46.158,51254,157.240.211.61,443,OUT.bound,https,established,,speedtest.c,HK,AS32934 facebook  inc.,,,,
2023-11-30_14-46-44,tcp,3.216.157.50,7010,175.103.46.158,63331,IN.bound,ups-onlinet,established,,speedtest.c,US,AS14618 amazon.com  inc.,,,,Cloud Provider IP range
2023-11-30_14-46-44,tcp,175.103.46.158,49535,20.198.119.84,443,OUT.bound,https,established,,,IN,AS8075 microsoft corporation,,,,Cloud Provider IP range
2023-11-30_14-46-44,tcp,43.134.53.107,799,175.103.46.158,38438,IN.bound,,established,,speedtest.c,SG,AS132203 tencent building  kejizhongyi avenue,,,,
