session,protocol,src-address,src-port,dst-address,dst-port,flow,tcp-state,resolved,mark,cc,asn,threat,description,modified
2023-11-17_16-22-47,tcp,175.103.43.90,57307,10.0.0.4,4075,IN.bound,established,,,ID,AS38320 pt maxindo mitra solusi,,,
2023-11-17_16-22-47,icmp,10.0.0.4,0,202.58.182.241,0,OUT.bound,,bcs.binus.ac.id,,ID,AS24526 bina nusantara university,,,
2023-11-17_16-22-47,icmp,10.0.0.4,0,175.103.43.90,0,OUT.bound,,,,ID,AS38320 pt maxindo mitra solusi,,,
2023-11-17_16-22-47,tcp,20.205.36.71,34788,10.0.0.4,179,IN.bound,established,,,HK,AS8075 microsoft corporation,,,
2023-11-17_16-22-47,udp,10.0.0.4,4500,20.205.36.71,4500,OUT.bound,,,,HK,AS8075 microsoft corporation,,,
2023-11-17_16-22-47,udp,10.0.0.4,1701,20.205.36.71,1701,OUT.bound,,,,HK,AS8075 microsoft corporation,,,
2023-11-17_16-22-47,udp,207.188.6.237,8082,10.0.0.4,5060,IN.bound,,,,US,AS396356 maxihost llc,ETIC Cybersecurity 2023-11-16 Port Scan,,2023-11-16T22:59:32.686000
2023-11-17_16-23-00,icmp,10.0.0.4,0,202.58.182.241,0,OUT.bound,,bcs.binus.ac.id,,ID,AS24526 bina nusantara university,,,
2023-11-17_16-23-00,icmp,10.0.0.4,0,175.103.43.90,0,OUT.bound,,,,ID,AS38320 pt maxindo mitra solusi,,,
2023-11-17_16-23-00,tcp,10.0.0.4,4075,175.103.43.90,57307,OUT.bound,established,,,ID,AS38320 pt maxindo mitra solusi,,,
2023-11-17_16-23-00,udp,20.205.36.71,1701,10.0.0.4,1701,IN.bound,,,,HK,AS8075 microsoft corporation,,,
2023-11-17_16-23-00,udp,10.0.0.4,4500,20.205.36.71,4500,OUT.bound,,,,HK,AS8075 microsoft corporation,,,
2023-11-17_16-23-00,udp,192.168.55.2,5678,255.255.255.255,5678,broadcast,,,,,,,,
2023-11-17_16-23-00,udp,175.103.43.90,500,10.0.0.4,500,IN.bound,,,,ID,AS38320 pt maxindo mitra solusi,,,
2023-11-17_16-25-32,icmp,10.0.0.4,0,202.58.182.241,0,OUT.bound,,bcs.binus.ac.id,,ID,AS24526 bina nusantara university,,,
2023-11-17_16-25-32,icmp,10.0.0.4,0,175.103.43.90,0,OUT.bound,,,,ID,AS38320 pt maxindo mitra solusi,,,
2023-11-17_16-25-32,tcp,10.0.0.4,4075,175.103.43.90,57307,OUT.bound,established,,,ID,AS38320 pt maxindo mitra solusi,,,
2023-11-17_16-25-32,udp,175.103.43.90,4500,10.0.0.4,4500,IN.bound,,,,ID,AS38320 pt maxindo mitra solusi,,,
2023-11-17_16-25-32,udp,175.103.43.90,1701,10.0.0.4,1701,IN.bound,,,,ID,AS38320 pt maxindo mitra solusi,,,
2023-11-17_16-25-32,udp,192.168.55.150,68,255.255.255.255,67,broadcast,,,,,,,,
2023-11-17_16-25-32,udp,192.168.55.150,137,255.255.255.255,137,broadcast,,,,,,,,
2023-11-17_16-25-32,icmp,192.168.55.150,0,203.190.242.211,0,OUT.bound,,detik.com,,ID,AS24211 detik,,,
2023-11-17_16-25-32,tcp,192.168.55.150,60859,184.27.122.27,443,OUT.bound,established,a1944.dscw16.akamai.net,,SG,AS20940 akamai international b.v.,,,
2023-11-17_16-25-32,tcp,192.168.55.150,60861,203.190.242.211,443,OUT.bound,time-wait,detik.com,,ID,AS24211 detik,,,
2023-11-17_16-25-32,udp,20.205.36.71,4500,10.0.0.4,4500,IN.bound,,,,HK,AS8075 microsoft corporation,,,
2023-11-17_16-25-32,tcp,192.168.55.150,60863,162.247.241.14,443,OUT.bound,established,bam.nr-data.net.cdn.cloudflare.net,,US,AS23467 new relic,quick look at UoA,,2023-11-07T04:03:56.865000
2023-11-17_16-25-32,udp,10.0.0.4,44567,8.8.4.4,53,OUT.bound,,,,,,,,
2023-11-17_16-25-32,udp,192.168.55.150,62332,192.168.55.1,53,local,,,,,,,,
2023-11-17_16-25-32,tcp,192.168.55.150,60864,162.247.241.14,443,OUT.bound,established,bam.nr-data.net.cdn.cloudflare.net,,US,AS23467 new relic,quick look at UoA,,2023-11-07T04:03:56.865000
2023-11-17_16-25-32,udp,10.0.0.4,55380,8.8.4.4,53,OUT.bound,,,,,,,,
2023-11-17_16-25-32,tcp,192.168.55.150,60862,13.224.250.25,443,OUT.bound,established,hbr.org,,US,AS16509 amazon.com inc,,,
2023-11-17_16-25-32,udp,192.168.55.150,50403,192.168.55.1,53,local,,,,,,,,
2023-11-17_16-25-32,udp,192.168.55.150,60860,192.168.55.1,53,local,,,,,,,,
2023-11-17_16-25-32,tcp,192.168.55.150,60866,13.33.33.128,443,OUT.bound,established,scripts.chitika.net,,US,AS16509 amazon.com inc,,,
2023-11-17_16-25-32,tcp,192.168.55.150,60867,103.30.145.12,443,OUT.bound,time-wait,adsensecamp.com,,ID,AS46050 pt jc indonesia,,,
2023-11-17_16-25-32,udp,192.168.55.150,49272,192.168.55.1,53,local,,,,,,,,
2023-11-17_16-25-32,udp,10.0.0.4,35020,8.8.4.4,53,OUT.bound,,,,,,,,
2023-11-17_16-25-32,udp,10.0.0.4,49888,8.8.4.4,53,OUT.bound,,,,,,,,
2023-11-17_16-25-32,tcp,192.168.55.150,60868,3.214.199.193,443,OUT.bound,time-wait,messaging.insurads.com,,US,AS14618 amazon.com  inc.,,,
2023-11-17_16-25-32,tcp,192.168.55.150,60868,3.214.199.193,443,OUT.bound,time-wait,services.insurads.com,,US,AS14618 amazon.com  inc.,,,
2023-11-17_16-25-32,udp,10.0.0.4,50671,8.8.4.4,53,OUT.bound,,,,,,,,
2023-11-17_16-25-32,udp,10.0.0.4,50267,8.8.4.4,53,OUT.bound,,,,,,,,
2023-11-17_16-25-32,tcp,192.168.55.150,60865,203.190.242.211,443,OUT.bound,time-wait,detik.com,,ID,AS24211 detik,,,
2023-11-17_16-25-32,udp,192.168.55.150,64989,34.120.133.188,443,OUT.bound,,collent.detik.com,,US,AS396982 google,,,
2023-11-17_16-25-32,tcp,192.168.55.150,60872,23.64.122.48,443,OUT.bound,established,e118744.a.akamaiedge.net,,SG,AS20940 akamai international b.v.,,,
2023-11-17_16-25-32,udp,192.168.55.150,56607,192.168.55.1,53,local,,,,,,,,
2023-11-17_16-25-32,udp,192.168.55.150,56823,74.125.200.94,443,OUT.bound,,www.google.co.id,,US,AS15169 google llc,,,
2023-11-17_16-25-32,udp,192.168.55.150,53153,192.168.55.1,53,local,,,,,,,,
2023-11-17_16-25-32,udp,192.168.55.150,63272,192.168.55.1,53,local,,,,,,,,
2023-11-17_16-25-32,udp,192.168.55.150,52202,192.168.55.1,53,local,,,,,,,,
2023-11-17_16-25-32,tcp,10.0.0.4,179,20.205.36.71,34788,OUT.bound,established,,,HK,AS8075 microsoft corporation,,,
2023-11-17_16-25-32,udp,192.168.55.150,60011,192.168.55.1,53,local,,,,,,,,
2023-11-17_16-25-32,udp,192.168.55.150,65105,74.125.68.157,443,OUT.bound,,googleads.g.doubleclick.net,,US,AS15169 google llc,,,
2023-11-17_16-25-32,udp,192.168.55.150,65105,74.125.68.157,443,OUT.bound,,www.googletagservices.com,,US,AS15169 google llc,,,
2023-11-17_16-25-32,tcp,192.168.55.150,60871,23.50.93.199,443,OUT.bound,established,e8960.e2.akamaiedge.net,,SG,AS4657 starhub ltd,,,
2023-11-17_16-25-32,udp,10.0.0.4,45462,8.8.4.4,53,OUT.bound,,,,,,,,
2023-11-17_16-25-32,udp,192.168.55.150,56273,192.168.55.1,53,local,,,,,,,,
2023-11-17_16-25-32,udp,192.168.55.150,62195,192.168.55.1,53,local,,,,,,,,
2023-11-17_16-25-32,udp,10.0.0.4,46838,8.8.4.4,53,OUT.bound,,,,,,,,
2023-11-17_16-25-32,udp,192.168.55.150,62350,192.168.55.1,53,local,,,,,,,,
2023-11-17_16-25-32,udp,192.168.55.150,53686,192.168.55.1,53,local,,,,,,,,
2023-11-17_16-25-32,udp,10.0.0.4,44140,8.8.4.4,53,OUT.bound,,,,,,,,
2023-11-17_16-25-32,udp,192.168.55.150,57481,192.168.55.1,53,local,,,,,,,,
2023-11-17_16-25-32,udp,192.168.55.150,61024,192.168.55.1,53,local,,,,,,,,
2023-11-17_16-25-32,udp,192.168.55.150,60883,192.168.55.1,53,local,,,,,,,,
2023-11-17_16-25-32,udp,192.168.55.150,59309,192.168.55.1,53,local,,,,,,,,
2023-11-17_16-25-32,tcp,192.168.55.150,60869,35.160.10.214,443,OUT.bound,established,dt-external-521234871.us-west-2.elb.amazonaws.com,,US,AS16509 amazon.com inc,,,
2023-11-17_16-25-32,udp,192.168.55.150,49237,203.161.184.11,443,OUT.bound,,ip.co.id,,ID,AS46050 pt jc indonesia,,,
2023-11-17_16-25-32,tcp,192.168.55.150,60873,3.230.103.202,443,OUT.bound,established,messaging.insurads.com,,US,AS14618 amazon.com  inc.,,,
2023-11-17_16-25-32,tcp,192.168.55.150,60873,3.230.103.202,443,OUT.bound,established,services.insurads.com,,US,AS14618 amazon.com  inc.,,,
2023-11-17_16-25-32,tcp,192.168.55.150,60870,34.120.133.188,443,OUT.bound,established,collent.detik.com,,US,AS396982 google,,,
2023-11-17_16-25-32,udp,10.0.0.4,35122,8.8.4.4,53,OUT.bound,,,,,,,,
2023-11-17_16-25-32,udp,10.0.0.4,41526,8.8.4.4,53,OUT.bound,,,,,,,,
2023-11-17_16-25-32,udp,10.0.0.4,45853,8.8.4.4,53,OUT.bound,,,,,,,,
2023-11-17_16-25-32,udp,10.0.0.4,58099,8.8.4.4,53,OUT.bound,,,,,,,,
2023-11-17_16-25-32,udp,192.168.55.150,55746,35.190.119.33,443,OUT.bound,,parsley.detik.com,,US,AS15169 google llc,,,
2023-11-17_16-25-32,udp,192.168.55.150,56812,192.168.55.1,53,local,,,,,,,,
2023-11-17_16-25-32,udp,192.168.55.150,65084,192.168.55.1,53,local,,,,,,,,
2023-11-17_16-25-32,udp,192.168.55.150,49427,172.217.194.154,443,OUT.bound,,securepubads46.g.doubleclick.net,,US,AS15169 google llc,,,
2023-11-17_16-25-32,udp,192.168.55.150,49427,172.217.194.154,443,OUT.bound,,pubads46.g.doubleclick.net,,US,AS15169 google llc,,,
2023-11-17_16-25-32,udp,10.0.0.4,60795,8.8.4.4,53,OUT.bound,,,,,,,,
2023-11-17_16-25-32,udp,192.168.55.150,59150,104.21.1.110,443,OUT.bound,,api.hostip.info,,US,AS13335 cloudflare,,,
2023-11-17_16-25-32,tcp,192.168.55.150,60875,103.49.221.211,443,OUT.bound,established,detik.com,,ID,AS24211 detik,LCIA:HoneyNet:2023,,2023-06-24T12:00:07.021000
2023-11-17_16-25-32,udp,192.168.55.150,56588,192.168.55.1,53,local,,,,,,,,
2023-11-17_16-25-32,tcp,192.168.55.150,60885,34.149.239.87,443,OUT.bound,time-wait,page.cdnbasket.net,,US,AS15169 google llc,,,
2023-11-17_16-25-32,udp,10.0.0.4,52751,8.8.4.4,53,OUT.bound,,,,,,,,
2023-11-17_16-25-32,tcp,192.168.55.150,60877,13.227.254.61,443,OUT.bound,established,d1y9weh1h9c90c.cloudfront.net,,US,AS16509 amazon.com inc,,,
2023-11-17_16-25-32,udp,192.168.55.150,51415,192.168.55.1,53,local,,,,,,,,
2023-11-17_16-25-32,tcp,192.168.55.150,60887,199.127.194.108,443,OUT.bound,close,cws-iad4-slb9.conviva.com,,US,AS11483 conviva  inc.,,,
2023-11-17_16-25-32,udp,10.0.0.4,32987,8.8.4.4,53,OUT.bound,,,,,,,,
2023-11-17_16-25-32,udp,192.168.55.150,61889,192.168.55.1,53,local,,,,,,,,
2023-11-17_16-25-32,udp,10.0.0.4,36978,8.8.4.4,53,OUT.bound,,,,,,,,
2023-11-17_16-25-32,tcp,192.168.55.150,60884,34.149.164.179,443,OUT.bound,time-wait,data.cdnbasket.net,,US,AS15169 google llc,,,
2023-11-17_16-25-32,udp,192.168.55.150,63451,192.168.55.1,53,local,,,,,,,,
2023-11-17_16-25-32,udp,192.168.55.150,63604,192.168.55.1,53,local,,,,,,,,
2023-11-17_16-25-32,tcp,192.168.55.150,60883,52.198.236.95,443,OUT.bound,established,prebid-a.rubiconproject.net.akadns.net,,JP,AS16509 amazon.com inc,,,
2023-11-17_16-25-32,udp,192.168.55.150,56239,192.168.55.1,53,local,,,,,,,,
2023-11-17_16-25-32,tcp,192.168.55.150,60874,35.190.119.33,443,OUT.bound,established,parsley.detik.com,,US,AS15169 google llc,,,
2023-11-17_16-25-32,udp,192.168.55.150,58109,192.168.55.1,53,local,,,,,,,,
2023-11-17_16-25-32,udp,10.0.0.4,45226,8.8.4.4,53,OUT.bound,,,,,,,,
2023-11-17_16-25-32,udp,192.168.55.150,60853,172.64.160.3,443,OUT.bound,,applets.ebxcdn.com,,US,AS13335 cloudflare,,,
2023-11-17_16-25-32,udp,10.0.0.4,44586,8.8.4.4,53,OUT.bound,,,,,,,,
2023-11-17_16-25-32,udp,192.168.55.150,51424,74.125.24.156,443,OUT.bound,,pagead2.googlesyndication.com,,US,AS15169 google llc,,,
2023-11-17_16-25-32,tcp,192.168.55.150,60886,34.98.81.245,443,OUT.bound,time-wait,view.cdnbasket.net,,US,AS15169 google llc,,,
2023-11-17_16-25-32,tcp,192.168.55.150,60888,13.248.140.122,443,OUT.bound,established,a80a9201ee101bbc3.awsglobalaccelerator.com,,US,AS16509 amazon.com inc,,,
2023-11-17_16-25-32,udp,192.168.55.150,61049,172.253.118.95,443,OUT.bound,,fonts.googleapis.com,,US,AS15169 google llc,,,
2023-11-17_16-25-32,tcp,192.168.55.150,60878,203.190.242.211,443,OUT.bound,time-wait,detik.com,,ID,AS24211 detik,,,
2023-11-17_16-25-32,tcp,192.168.55.150,60876,103.49.221.172,443,OUT.bound,established,cdnstatic.detik.com,,ID,AS24211 detik,,,
2023-11-17_16-25-32,tcp,192.168.55.150,60876,103.49.221.172,443,OUT.bound,established,push.detik.com,,ID,AS24211 detik,,,
2023-11-17_16-25-32,tcp,192.168.55.150,60876,103.49.221.172,443,OUT.bound,established,awscdn.detik.net.id,,ID,AS24211 detik,,,
2023-11-17_16-25-32,tcp,192.168.55.150,60876,103.49.221.172,443,OUT.bound,established,cdn.detik.net.id,,ID,AS24211 detik,,,
2023-11-17_16-25-32,tcp,192.168.55.150,60879,52.198.236.95,443,OUT.bound,established,prebid-a.rubiconproject.net.akadns.net,,JP,AS16509 amazon.com inc,,,
2023-11-17_16-25-32,udp,10.0.0.4,45040,8.8.4.4,53,OUT.bound,,,,,,,,
2023-11-17_16-25-32,udp,10.0.0.4,45057,8.8.4.4,53,OUT.bound,,,,,,,,
2023-11-17_16-25-32,udp,10.0.0.4,36509,8.8.4.4,53,OUT.bound,,,,,,,,
2023-11-17_16-25-32,udp,10.0.0.4,33539,8.8.4.4,53,OUT.bound,,,,,,,,
2023-11-17_16-25-32,tcp,192.168.55.150,60882,192.229.237.180,443,OUT.bound,established,cs410.wac.edgecastcdn.net,,US,AS15133 verizon,,,
2023-11-17_16-25-32,udp,192.168.55.150,50068,74.125.24.156,443,OUT.bound,,pagead2.googlesyndication.com,,US,AS15169 google llc,,,
2023-11-17_16-25-32,tcp,192.168.55.150,60880,104.83.197.63,443,OUT.bound,established,e9957.b.akamaiedge.net,,NL,AS16625 akamai technologies  inc.,,,
2023-11-17_16-25-32,udp,10.0.0.4,47374,8.8.4.4,53,OUT.bound,,,,,,,,
2023-11-17_16-25-32,udp,10.0.0.4,40571,8.8.4.4,53,OUT.bound,,,,,,,,
2023-11-17_16-25-32,udp,192.168.55.150,60642,192.168.55.1,53,local,,,,,,,,
2023-11-17_16-25-32,udp,192.168.55.150,54827,192.168.55.1,53,local,,,,,,,,
2023-11-17_16-25-32,udp,192.168.55.150,63184,192.168.55.1,53,local,,,,,,,,
2023-11-17_16-25-32,udp,10.0.0.4,38109,8.8.4.4,53,OUT.bound,,,,,,,,
2023-11-17_16-25-32,udp,192.168.55.150,51315,192.168.55.1,53,local,,,,,,,,
2023-11-17_16-25-32,udp,192.168.55.150,55540,192.168.55.1,53,local,,,,,,,,
2023-11-17_16-25-32,udp,192.168.55.150,55823,192.168.55.1,53,local,,,,,,,,
2023-11-17_16-25-32,udp,10.0.0.4,50294,8.8.4.4,53,OUT.bound,,,,,,,,
2023-11-17_16-25-32,tcp,192.168.55.150,60889,199.127.194.108,443,OUT.bound,established,cws-iad4-slb9.conviva.com,,US,AS11483 conviva  inc.,,,
2023-11-17_16-25-32,udp,192.168.55.150,49837,151.101.195.5,443,OUT.bound,,edition.cnn.com,,US,AS54113 fastly,,,
2023-11-17_16-25-32,udp,192.168.55.150,49837,151.101.195.5,443,OUT.bound,,cnn-tls.map.fastly.net,,US,AS54113 fastly,,,
2023-11-17_16-25-32,udp,192.168.55.150,52185,192.168.55.1,53,local,,,,,,,,
2023-11-17_16-25-32,udp,192.168.55.150,62448,192.168.55.1,53,local,,,,,,,,
2023-11-17_16-25-32,tcp,192.168.55.150,60881,3.230.103.202,443,OUT.bound,established,messaging.insurads.com,,US,AS14618 amazon.com  inc.,,,
2023-11-17_16-25-32,tcp,192.168.55.150,60881,3.230.103.202,443,OUT.bound,established,services.insurads.com,,US,AS14618 amazon.com  inc.,,,
2023-11-17_16-25-32,udp,192.168.55.150,50679,192.168.55.1,53,local,,,,,,,,
2023-11-17_16-25-32,udp,192.168.55.150,61372,192.168.55.1,53,local,,,,,,,,
2023-11-17_16-25-32,tcp,192.168.55.150,60893,54.251.173.238,443,OUT.bound,time-wait,btlr-ap-southeast-1.sharethrough.com,,SG,AS16509 amazon.com inc,,,
2023-11-17_16-25-32,udp,192.168.55.150,49236,192.168.55.1,53,local,,,,,,,,
2023-11-17_16-25-32,udp,192.168.55.150,50091,35.227.229.24,443,OUT.bound,,licensing.bitmovin.com,,US,AS15169 google llc,,,
2023-11-17_16-25-32,tcp,192.168.55.150,60899,103.43.90.54,443,OUT.bound,established,ib.sin1.geoadnxs.com,,SG,AS29990 appnexus  inc,strteamdeck,,2022-09-03T00:03:41.487000
2023-11-17_16-25-32,udp,192.168.55.150,61925,192.168.55.1,53,local,,,,,,,,
2023-11-17_16-25-32,tcp,192.168.55.150,60910,75.2.70.112,443,OUT.bound,established,jp1-bid-ga.adsrvr.org,,US,AS16509 amazon.com inc,,,
2023-11-17_16-25-32,tcp,192.168.55.150,60898,151.101.131.5,443,OUT.bound,established,edition.cnn.com,,US,AS54113 fastly,,,
2023-11-17_16-25-32,tcp,192.168.55.150,60898,151.101.131.5,443,OUT.bound,established,cnn-tls.map.fastly.net,,US,AS54113 fastly,,,
2023-11-17_16-25-32,udp,192.168.55.150,53934,192.168.55.1,53,local,,,,,,,,
2023-11-17_16-25-32,udp,192.168.55.150,57488,192.168.55.1,53,local,,,,,,,,
2023-11-17_16-25-32,udp,192.168.55.150,62610,192.168.55.1,53,local,,,,,,,,
2023-11-17_16-25-32,udp,192.168.55.150,55080,192.168.55.1,53,local,,,,,,,,
2023-11-17_16-25-32,udp,192.168.55.150,52973,192.168.55.1,53,local,,,,,,,,
2023-11-17_16-25-32,udp,10.0.0.4,60679,8.8.4.4,53,OUT.bound,,,,,,,,
2023-11-17_16-25-32,udp,10.0.0.4,49608,8.8.4.4,53,OUT.bound,,,,,,,,
2023-11-17_16-25-32,udp,10.0.0.4,44218,8.8.4.4,53,OUT.bound,,,,,,,,
2023-11-17_16-25-32,tcp,192.168.55.150,60907,23.44.1.119,443,OUT.bound,established,e10883.g.akamaiedge.net,,SG,AS16625 akamai technologies  inc.,,,
2023-11-17_16-25-32,udp,192.168.55.150,50922,192.168.55.1,53,local,,,,,,,,
2023-11-17_16-25-32,udp,10.0.0.4,55896,8.8.4.4,53,OUT.bound,,,,,,,,
2023-11-17_16-25-32,udp,10.0.0.4,58346,8.8.4.4,53,OUT.bound,,,,,,,,
2023-11-17_16-25-32,tcp,192.168.55.150,60892,182.161.73.145,443,OUT.bound,established,bidder.sg1.vip.prod.criteo.com,,SG,AS55569 criteo apac,,,
2023-11-17_16-25-32,tcp,192.168.55.150,60913,13.33.90.128,443,OUT.bound,established,dg2iu7dxxehbo.cloudfront.net,,US,ASNone ,,,
2023-11-17_16-25-32,udp,10.0.0.4,57935,8.8.4.4,53,OUT.bound,,,,,,,,
2023-11-17_16-25-32,udp,10.0.0.4,47856,8.8.4.4,53,OUT.bound,,,,,,,,
2023-11-17_16-25-32,udp,192.168.55.150,53672,192.168.55.1,53,local,,,,,,,,
2023-11-17_16-25-32,udp,10.0.0.4,47813,8.8.4.4,53,OUT.bound,,,,,,,,
2023-11-17_16-25-32,udp,10.0.0.4,51114,8.8.4.4,53,OUT.bound,,,,,,,,
2023-11-17_16-25-32,tcp,192.168.55.150,60902,23.54.56.167,443,OUT.bound,established,e5048.dsca.akamaiedge.net,,SG,AS16625 akamai technologies  inc.,,,
2023-11-17_16-25-32,tcp,192.168.55.150,60906,184.27.122.24,443,OUT.bound,established,a1944.dscw16.akamai.net,,SG,AS20940 akamai international b.v.,,,
2023-11-17_16-25-32,tcp,192.168.55.150,60891,52.84.251.108,443,OUT.bound,established,choices.truste.com,,US,AS16509 amazon.com inc,,,
2023-11-17_16-25-32,udp,192.168.55.150,62975,192.168.55.1,53,local,,,,,,,,
2023-11-17_16-25-32,udp,192.168.55.150,54840,192.168.55.1,53,local,,,,,,,,
2023-11-17_16-25-32,udp,192.168.55.150,54579,192.168.55.1,53,local,,,,,,,,
2023-11-17_16-25-32,udp,192.168.55.150,57463,192.168.55.1,53,local,,,,,,,,
2023-11-17_16-25-32,tcp,192.168.55.150,60904,54.169.48.198,443,OUT.bound,established,firewall-external-894891845.ap-southeast-1.elb.amazonaws.com,,SG,AS16509 amazon.com inc,,,
2023-11-17_16-25-32,udp,10.0.0.4,34625,8.8.4.4,53,OUT.bound,,,,,,,,
2023-11-17_16-25-32,udp,10.0.0.4,38938,8.8.4.4,53,OUT.bound,,,,,,,,
2023-11-17_16-25-32,udp,192.168.55.150,64128,192.168.55.1,53,local,,,,,,,,
2023-11-17_16-25-32,udp,192.168.55.150,58469,74.125.68.148,443,OUT.bound,,ad.doubleclick.net,,US,AS15169 google llc,,,
2023-11-17_16-25-32,udp,192.168.55.150,62657,192.168.55.1,53,local,,,,,,,,
2023-11-17_16-25-32,tcp,192.168.55.150,60914,15.197.196.10,443,OUT.bound,established,sg2-bid.adsrvr.org,,US,AS16509 amazon.com inc,,,
2023-11-17_16-25-32,udp,192.168.55.150,59670,34.111.8.32,443,OUT.bound,,nginx-ingress.wunderkind.co,,US,AS15169 google llc,,,
2023-11-17_16-25-32,tcp,192.168.55.150,60900,104.18.131.236,443,OUT.bound,established,cdn.cookielaw.org,,US,AS13335 cloudflare,,,
2023-11-17_16-25-32,tcp,192.168.55.150,60890,23.202.33.139,443,OUT.bound,established,a1977.dscb.akamai.net,,SG,AS20940 akamai international b.v.,,,
2023-11-17_16-25-32,udp,192.168.55.150,50306,192.168.55.1,53,local,,,,,,,,
2023-11-17_16-25-32,udp,10.0.0.4,41106,8.8.4.4,53,OUT.bound,,,,,,,,
2023-11-17_16-25-32,udp,192.168.55.150,56249,142.251.12.95,443,OUT.bound,,safebrowsing.googleapis.com,,US,AS15169 google llc,,,
2023-11-17_16-25-32,tcp,192.168.55.150,60896,13.248.140.122,443,OUT.bound,established,a80a9201ee101bbc3.awsglobalaccelerator.com,,US,AS16509 amazon.com inc,,,
2023-11-17_16-25-32,udp,192.168.55.150,59833,192.168.55.1,53,local,,,,,,,,
2023-11-17_16-25-32,udp,192.168.55.150,58355,104.18.36.155,443,OUT.bound,,htlb.casalemedia.com,,US,AS13335 cloudflare,,,
2023-11-17_16-25-32,udp,192.168.55.150,63666,192.168.55.1,53,local,,,,,,,,
2023-11-17_16-25-32,udp,192.168.55.150,63853,192.168.55.1,53,local,,,,,,,,
2023-11-17_16-25-32,udp,192.168.55.150,58560,192.168.55.1,53,local,,,,,,,,
2023-11-17_16-25-32,udp,192.168.55.150,64481,192.168.55.1,53,local,,,,,,,,
2023-11-17_16-25-32,udp,10.0.0.4,43487,8.8.4.4,53,OUT.bound,,,,,,,,
2023-11-17_16-25-32,tcp,192.168.55.150,60909,99.83.181.31,443,OUT.bound,established,signal-metrics-collector-beta.s-onetag.com,,US,AS16509 amazon.com inc,,,
2023-11-17_16-25-32,udp,192.168.55.150,59001,192.168.55.1,53,local,,,,,,,,
2023-11-17_16-25-32,udp,192.168.55.150,61150,74.125.68.148,443,OUT.bound,,ad.doubleclick.net,,US,AS15169 google llc,,,
2023-11-17_16-25-32,udp,10.0.0.4,39984,8.8.4.4,53,OUT.bound,,,,,,,,
2023-11-17_16-25-32,tcp,192.168.55.150,60903,203.190.242.211,443,OUT.bound,time-wait,detik.com,,ID,AS24211 detik,,,
2023-11-17_16-25-32,udp,192.168.55.150,53871,192.168.55.1,53,local,,,,,,,,
2023-11-17_16-25-32,tcp,192.168.55.150,60895,23.106.127.49,443,OUT.bound,established,apac1.smartadserver.com,,SG,AS59253 leaseweb asia pacific pte. ltd.,,,
2023-11-17_16-25-32,tcp,192.168.55.150,60916,52.84.251.108,443,OUT.bound,established,choices.truste.com,,US,AS16509 amazon.com inc,,,
2023-11-17_16-25-32,tcp,192.168.55.150,60901,67.199.150.87,443,OUT.bound,established,hbopenbid-apac-v2.pubmnet.com,,US,AS62713 pubmatic  inc.,,,
2023-11-17_16-25-32,udp,192.168.55.150,60621,192.168.55.1,53,local,,,,,,,,
2023-11-17_16-25-32,tcp,192.168.55.150,60897,118.215.80.196,443,OUT.bound,established,e12596.dscj.akamaiedge.net,,SG,AS4657 starhub ltd,,,
2023-11-17_16-25-32,udp,10.0.0.4,39502,8.8.4.4,53,OUT.bound,,,,,,,,
2023-11-17_16-25-32,tcp,192.168.55.150,60894,23.106.127.49,443,OUT.bound,established,apac1.smartadserver.com,,SG,AS59253 leaseweb asia pacific pte. ltd.,,,
2023-11-17_16-25-32,udp,192.168.55.150,52813,192.168.55.1,53,local,,,,,,,,
2023-11-17_16-25-32,udp,192.168.55.150,59786,192.168.55.1,53,local,,,,,,,,
2023-11-17_16-25-32,tcp,192.168.55.150,60905,52.84.228.19,443,OUT.bound,established,d1ykf07e75w7ss.cloudfront.net,,US,AS16509 amazon.com inc,,,
2023-11-17_16-25-32,udp,192.168.55.150,62480,192.168.55.1,53,local,,,,,,,,
2023-11-17_16-25-32,tcp,192.168.55.150,60915,182.161.73.142,443,OUT.bound,established,csm.sg1.vip.prod.criteo.net,,SG,AS55569 criteo apac,,,
2023-11-17_16-25-32,tcp,192.168.55.150,60908,23.106.127.48,443,OUT.bound,established,apac1.smartadserver.com,,SG,AS59253 leaseweb asia pacific pte. ltd.,,,
2023-11-17_16-25-32,udp,10.0.0.4,56012,8.8.4.4,53,OUT.bound,,,,,,,,
2023-11-17_16-25-32,udp,10.0.0.4,43742,8.8.4.4,53,OUT.bound,,,,,,,,
2023-11-17_16-25-32,udp,10.0.0.4,42963,8.8.4.4,53,OUT.bound,,,,,,,,
2023-11-17_16-25-32,udp,10.0.0.4,33515,8.8.4.4,53,OUT.bound,,,,,,,,
2023-11-17_16-25-32,udp,10.0.0.4,54322,8.8.4.4,53,OUT.bound,,,,,,,,
2023-11-17_16-25-32,udp,192.168.55.150,55439,192.168.55.1,53,local,,,,,,,,
2023-11-17_16-25-32,udp,10.0.0.4,48930,8.8.4.4,53,OUT.bound,,,,,,,,
2023-11-17_16-25-32,udp,10.0.0.4,35481,8.8.4.4,53,OUT.bound,,,,,,,,
2023-11-17_16-25-32,tcp,192.168.55.150,60912,182.161.73.136,443,OUT.bound,established,gum.sg1.vip.prod.criteo.com,,SG,AS55569 criteo apac,,,
2023-11-17_16-25-32,udp,192.168.55.150,62676,192.168.55.1,53,local,,,,,,,,
2023-11-17_16-25-32,tcp,192.168.55.150,60911,13.33.90.128,443,OUT.bound,established,dg2iu7dxxehbo.cloudfront.net,,US,ASNone ,,,
2023-11-17_16-25-32,udp,10.0.0.4,54639,8.8.4.4,53,OUT.bound,,,,,,,,
2023-11-17_16-25-32,udp,10.0.0.4,34262,8.8.4.4,53,OUT.bound,,,,,,,,
2023-11-17_16-25-32,tcp,192.168.55.150,60917,54.169.48.198,443,OUT.bound,established,firewall-external-894891845.ap-southeast-1.elb.amazonaws.com,,SG,AS16509 amazon.com inc,,,
2023-11-17_16-25-32,udp,192.168.55.150,56987,192.168.55.1,53,local,,,,,,,,
2023-11-17_16-25-32,tcp,192.168.55.150,60926,203.190.242.211,443,OUT.bound,time-wait,detik.com,,ID,AS24211 detik,,,
2023-11-17_16-25-32,tcp,192.168.55.150,60922,199.232.46.132,443,OUT.bound,established,outbrain.map.fastly.net,,SG,AS54113 fastly,,,
2023-11-17_16-25-32,udp,192.168.55.150,50510,74.125.68.155,443,OUT.bound,,googleads.g.doubleclick.net,,US,AS15169 google llc,,,
2023-11-17_16-25-32,udp,192.168.55.150,50510,74.125.68.155,443,OUT.bound,,www.googletagservices.com,,US,AS15169 google llc,,,
2023-11-17_16-25-32,udp,192.168.55.150,60936,172.217.194.132,443,OUT.bound,,tpc.googlesyndication.com,,US,AS15169 google llc,,,
2023-11-17_16-25-32,tcp,192.168.55.150,60918,104.18.38.76,443,OUT.bound,established,js-sec.indexww.com,,US,AS13335 cloudflare,,,
2023-11-17_16-25-32,udp,10.0.0.4,59027,8.8.4.4,53,OUT.bound,,,,,,,,
2023-11-17_16-25-32,udp,192.168.55.150,58308,104.18.25.173,443,OUT.bound,,a.tribalfusion.com,,US,AS13335 cloudflare,Apple iTunes| Malicious site | Anonyization | Siphoning | Trojan Downloader,"IC3 attached to links, apple , messaging, Skype.\nIC3 CN?\nChina? Unclear. Possibly intercepting  IC",2023-11-12T17:01:15.222000
2023-11-17_16-25-32,udp,192.168.55.150,50400,172.217.194.154,443,OUT.bound,,securepubads46.g.doubleclick.net,,US,AS15169 google llc,,,
2023-11-17_16-25-32,udp,192.168.55.150,50400,172.217.194.154,443,OUT.bound,,pubads46.g.doubleclick.net,,US,AS15169 google llc,,,
2023-11-17_16-25-32,udp,192.168.55.150,49913,172.217.194.132,443,OUT.bound,,tpc.googlesyndication.com,,US,AS15169 google llc,,,
2023-11-17_16-25-32,tcp,192.168.55.150,60919,13.224.250.80,443,OUT.bound,established,get.s-onetag.com,,US,AS16509 amazon.com inc,,,
2023-11-17_16-25-32,udp,10.0.0.4,36083,8.8.4.4,53,OUT.bound,,,,,,,,
2023-11-17_16-25-32,udp,10.0.0.4,33509,8.8.4.4,53,OUT.bound,,,,,,,,
2023-11-17_16-25-32,udp,10.0.0.4,37043,8.8.4.4,53,OUT.bound,,,,,,,,
2023-11-17_16-25-32,udp,192.168.55.150,49725,192.168.55.1,53,local,,,,,,,,
2023-11-17_16-25-32,udp,192.168.55.150,61345,192.168.55.1,53,local,,,,,,,,
2023-11-17_16-25-32,udp,192.168.55.150,57047,192.168.55.1,53,local,,,,,,,,
2023-11-17_16-25-32,tcp,192.168.55.150,60921,52.84.251.45,443,OUT.bound,established,d3tqyidpuy80xi.cloudfront.net,,US,AS16509 amazon.com inc,,,
2023-11-17_16-25-32,udp,192.168.55.150,57704,192.168.55.1,53,local,,,,,,,,
2023-11-17_16-25-32,udp,192.168.55.150,53925,35.186.193.173,443,OUT.bound,,ipac.ctnsnet.com,,US,AS15169 google llc,,,
2023-11-17_16-25-32,tcp,192.168.55.150,60925,142.250.4.103,443,OUT.bound,established,www.google.com,,US,AS15169 google llc,,,
2023-11-17_16-25-32,udp,192.168.55.150,62782,192.168.55.1,53,local,,,,,,,,
2023-11-17_16-25-32,udp,192.168.55.150,59080,74.125.24.156,443,OUT.bound,,pagead2.googlesyndication.com,,US,AS15169 google llc,,,
2023-11-17_16-25-32,tcp,192.168.55.150,60924,13.224.250.116,443,OUT.bound,established,dt2usiyxy6j3j.cloudfront.net,,US,AS16509 amazon.com inc,,,
2023-11-17_16-25-32,udp,10.0.0.4,45362,8.8.4.4,53,OUT.bound,,,,,,,,
2023-11-17_16-25-32,udp,192.168.55.150,59990,192.168.55.1,53,local,,,,,,,,
2023-11-17_16-25-32,udp,192.168.55.150,54640,192.168.55.1,53,local,,,,,,,,
2023-11-17_16-25-32,udp,10.0.0.4,38933,8.8.4.4,53,OUT.bound,,,,,,,,
2023-11-17_16-25-32,tcp,192.168.55.150,60923,23.44.1.119,443,OUT.bound,established,e10883.g.akamaiedge.net,,SG,AS16625 akamai technologies  inc.,,,
2023-11-17_16-25-32,udp,192.168.55.150,56973,192.168.55.1,53,local,,,,,,,,
2023-11-17_16-25-32,tcp,192.168.55.150,60920,3.232.205.1,443,OUT.bound,established,segment-data-us-east.zqtk.net,,US,AS14618 amazon.com  inc.,,,
2023-11-17_16-25-32,udp,10.0.0.4,54300,8.8.4.4,53,OUT.bound,,,,,,,,
2023-11-17_16-25-32,udp,192.168.55.150,63530,192.168.55.1,53,local,,,,,,,,
2023-11-17_16-25-32,tcp,192.168.55.150,60927,220.150.223.50,443,OUT.bound,established,sync-dsp.ad-m.asia,,JP,ASNone ,,,
2023-11-17_16-25-32,udp,10.0.0.4,33391,8.8.4.4,53,OUT.bound,,,,,,,,
2023-11-17_16-25-32,udp,192.168.55.150,61549,74.125.24.156,443,OUT.bound,,pagead2.googlesyndication.com,,US,AS15169 google llc,,,
2023-11-17_16-25-32,udp,10.0.0.4,47665,8.8.4.4,53,OUT.bound,,,,,,,,
2023-11-17_16-25-32,udp,10.0.0.4,55167,8.8.4.4,53,OUT.bound,,,,,,,,
2023-11-17_16-25-32,udp,10.0.0.4,51352,8.8.4.4,53,OUT.bound,,,,,,,,
2023-11-17_16-25-32,udp,192.168.55.150,58627,74.125.24.156,443,OUT.bound,,pagead2.googlesyndication.com,,US,AS15169 google llc,,,
2023-11-17_16-25-32,udp,192.168.55.150,54921,192.168.55.1,53,local,,,,,,,,
2023-11-17_16-25-32,udp,10.0.0.4,46407,8.8.4.4,53,OUT.bound,,,,,,,,
2023-11-17_16-25-32,udp,192.168.55.150,53033,192.168.55.1,53,local,,,,,,,,
2023-11-17_16-25-32,udp,192.168.55.150,55108,192.168.55.1,53,local,,,,,,,,
2023-11-17_16-25-32,udp,10.0.0.4,54947,8.8.4.4,53,OUT.bound,,,,,,,,
2023-11-17_16-25-32,udp,192.168.55.150,51207,172.253.118.156,443,OUT.bound,,cm.g.doubleclick.net,,US,AS15169 google llc,,,
2023-11-17_16-25-32,udp,192.168.55.150,64681,74.125.24.156,443,OUT.bound,,pagead2.googlesyndication.com,,US,AS15169 google llc,,,
2023-11-17_16-25-32,udp,192.168.55.150,57747,192.168.55.1,53,local,,,,,,,,
2023-11-17_16-25-32,tcp,192.168.55.150,60939,13.33.33.56,443,OUT.bound,established,dlfcjf8vziwlb.cloudfront.net,,US,AS16509 amazon.com inc,,,
2023-11-17_16-25-32,udp,10.0.0.4,54916,8.8.4.4,53,OUT.bound,,,,,,,,
2023-11-17_16-25-32,tcp,192.168.55.150,60936,103.49.221.132,443,OUT.bound,established,tv.detik.com,,ID,AS24211 detik,,,
2023-11-17_16-25-32,udp,10.0.0.4,51710,8.8.4.4,53,OUT.bound,,,,,,,,
2023-11-17_16-25-32,udp,192.168.55.150,54950,192.168.55.1,53,local,,,,,,,,
2023-11-17_16-25-32,udp,10.0.0.4,37665,8.8.4.4,53,OUT.bound,,,,,,,,
2023-11-17_16-25-32,udp,192.168.55.150,52511,192.168.55.1,53,local,,,,,,,,
2023-11-17_16-25-32,udp,192.168.55.150,54927,192.168.55.1,53,local,,,,,,,,
2023-11-17_16-25-32,udp,10.0.0.4,37063,8.8.4.4,53,OUT.bound,,,,,,,,
2023-11-17_16-25-32,tcp,192.168.55.150,60938,203.190.242.244,443,OUT.bound,established,newrevive.detik.com,,ID,AS24211 detik,,,
2023-11-17_16-25-32,tcp,192.168.55.150,60937,10.3.0.20,1688,local,syn-sent,,,,,,,
2023-11-17_16-25-32,udp,10.0.0.4,40870,8.8.4.4,53,OUT.bound,,,,,,,,
2023-11-17_16-25-32,udp,192.168.55.150,52218,192.168.55.1,53,local,,,,,,,,
2023-11-17_16-25-32,udp,10.0.0.4,57982,8.8.4.4,53,OUT.bound,,,,,,,,
2023-11-17_16-25-32,udp,192.168.55.150,51469,192.168.55.1,53,local,,,,,,,,
2023-11-17_16-25-32,udp,10.0.0.4,57228,8.8.4.4,53,OUT.bound,,,,,,,,
2023-11-17_16-25-32,udp,192.168.55.150,61232,192.168.55.1,53,local,,,,,,,,
2023-11-17_16-25-32,tcp,192.168.55.150,60931,23.15.147.149,443,OUT.bound,established,e4343.a.akamaiedge.net,,SG,AS16625 akamai technologies  inc.,,,
2023-11-17_16-25-32,udp,192.168.55.150,58980,74.125.130.94,443,OUT.bound,,fonts.gstatic.com,,US,AS15169 google llc,,,
2023-11-17_16-25-32,udp,10.0.0.4,42539,8.8.4.4,53,OUT.bound,,,,,,,,
2023-11-17_16-25-32,udp,192.168.55.150,54979,192.168.55.1,53,local,,,,,,,,
2023-11-17_16-25-32,udp,192.168.55.150,62743,192.168.55.1,53,local,,,,,,,,
2023-11-17_16-25-32,tcp,192.168.55.150,60933,151.101.2.202,443,OUT.bound,established,dualstack.f6.shared.global.fastly.net,,US,AS54113 fastly,,,
2023-11-17_16-25-32,udp,192.168.55.150,49539,192.168.55.1,53,local,,,,,,,,
2023-11-17_16-25-32,udp,192.168.55.150,61168,192.168.55.1,53,local,,,,,,,,
2023-11-17_16-25-32,udp,192.168.55.150,49467,192.168.55.1,53,local,,,,,,,,
2023-11-17_16-25-32,udp,192.168.55.150,54697,192.168.55.1,53,local,,,,,,,,
2023-11-17_16-25-32,udp,10.0.0.4,55103,8.8.4.4,53,OUT.bound,,,,,,,,
2023-11-17_16-25-32,udp,192.168.55.150,53061,192.168.55.1,53,local,,,,,,,,
2023-11-17_16-25-32,udp,192.168.55.150,64272,192.168.55.1,53,local,,,,,,,,
2023-11-17_16-25-32,udp,192.168.55.150,55560,192.168.55.1,53,local,,,,,,,,
2023-11-17_16-25-32,udp,10.0.0.4,60522,8.8.4.4,53,OUT.bound,,,,,,,,
2023-11-17_16-25-32,udp,192.168.55.150,60753,192.168.55.1,53,local,,,,,,,,
2023-11-17_16-25-32,udp,192.168.55.150,57083,192.168.55.1,53,local,,,,,,,,
2023-11-17_16-25-32,udp,10.0.0.4,59440,8.8.4.4,53,OUT.bound,,,,,,,,
2023-11-17_16-25-32,tcp,192.168.55.150,60935,103.49.221.172,443,OUT.bound,established,cdnstatic.detik.com,,ID,AS24211 detik,,,
2023-11-17_16-25-32,tcp,192.168.55.150,60935,103.49.221.172,443,OUT.bound,established,push.detik.com,,ID,AS24211 detik,,,
2023-11-17_16-25-32,tcp,192.168.55.150,60935,103.49.221.172,443,OUT.bound,established,awscdn.detik.net.id,,ID,AS24211 detik,,,
2023-11-17_16-25-32,tcp,192.168.55.150,60935,103.49.221.172,443,OUT.bound,established,cdn.detik.net.id,,ID,AS24211 detik,,,
2023-11-17_16-25-32,udp,192.168.55.150,62823,192.168.55.1,53,local,,,,,,,,
2023-11-17_16-25-32,udp,192.168.55.150,54294,192.168.55.1,53,local,,,,,,,,
2023-11-17_16-25-32,tcp,192.168.55.150,60928,185.84.60.20,443,OUT.bound,established,track.adformnet.akadns.net,,DK,AS198622 adform aps,,,
2023-11-17_16-25-32,tcp,192.168.55.150,60934,103.49.221.99,443,OUT.bound,established,cdnv.detik.com,,ID,AS24211 detik,LCIA:HoneyNet:2023,,2023-06-24T12:00:07.021000
2023-11-17_16-25-32,udp,192.168.55.150,55942,172.253.118.95,443,OUT.bound,,fonts.googleapis.com,,US,AS15169 google llc,,,
2023-11-17_16-25-32,udp,192.168.55.150,60862,192.168.55.1,53,local,,,,,,,,
2023-11-17_16-25-32,udp,192.168.55.150,51959,192.168.55.1,53,local,,,,,,,,
2023-11-17_16-25-32,udp,192.168.55.150,60018,192.168.55.1,53,local,,,,,,,,
2023-11-17_16-25-32,udp,10.0.0.4,39729,8.8.4.4,53,OUT.bound,,,,,,,,
2023-11-17_16-25-32,tcp,192.168.55.150,60929,103.49.221.172,443,OUT.bound,established,cdnstatic.detik.com,,ID,AS24211 detik,,,
2023-11-17_16-25-32,tcp,192.168.55.150,60929,103.49.221.172,443,OUT.bound,established,push.detik.com,,ID,AS24211 detik,,,
2023-11-17_16-25-32,tcp,192.168.55.150,60929,103.49.221.172,443,OUT.bound,established,awscdn.detik.net.id,,ID,AS24211 detik,,,
2023-11-17_16-25-32,tcp,192.168.55.150,60929,103.49.221.172,443,OUT.bound,established,cdn.detik.net.id,,ID,AS24211 detik,,,
2023-11-17_16-25-32,tcp,192.168.55.150,60932,203.190.242.211,443,OUT.bound,time-wait,detik.com,,ID,AS24211 detik,,,
2023-11-17_16-25-32,udp,10.0.0.4,55472,8.8.4.4,53,OUT.bound,,,,,,,,
2023-11-17_16-25-32,udp,192.168.55.150,62344,192.168.55.1,53,local,,,,,,,,
2023-11-17_16-25-32,udp,10.0.0.4,43675,8.8.4.4,53,OUT.bound,,,,,,,,
2023-11-17_16-25-32,tcp,192.168.55.150,60930,203.190.242.102,443,OUT.bound,established,akcdn.detik.net.id,,ID,AS24211 detik,,,
2023-11-17_16-25-32,udp,192.168.55.150,58408,192.168.55.1,53,local,,,,,,,,
2023-11-17_16-25-32,udp,10.0.0.4,55668,8.8.4.4,53,OUT.bound,,,,,,,,
2023-11-17_16-25-32,udp,192.168.55.150,49405,74.125.130.94,443,OUT.bound,,fonts.gstatic.com,,US,AS15169 google llc,,,
2023-11-17_16-25-32,udp,192.168.55.150,58297,192.168.55.1,53,local,,,,,,,,
2023-11-17_16-25-32,tcp,192.168.55.150,60957,77.88.21.90,443,OUT.bound,close,bs.yandex.ru,,RU,AS208722 yandex oy,:v3 - and the rest.... - www.tiuli.com/image/a057f08d1d773ab75e116ba4fffc595f.jpg?width=1080&#039;,,2023-05-08T02:00:47.680000
2023-11-17_16-25-32,udp,192.168.55.150,49240,192.168.55.1,53,local,,,,,,,,
2023-11-17_16-25-32,udp,192.168.55.150,51145,192.168.55.1,53,local,,,,,,,,
2023-11-17_16-25-32,tcp,192.168.55.150,60960,203.190.242.211,443,OUT.bound,time-wait,detik.com,,ID,AS24211 detik,,,
2023-11-17_16-25-32,udp,192.168.55.150,63970,192.168.55.1,53,local,,,,,,,,
2023-11-17_16-25-32,tcp,192.168.55.150,60956,77.88.21.90,443,OUT.bound,close,bs.yandex.ru,,RU,AS208722 yandex oy,:v3 - and the rest.... - www.tiuli.com/image/a057f08d1d773ab75e116ba4fffc595f.jpg?width=1080&#039;,,2023-05-08T02:00:47.680000
2023-11-17_16-25-32,tcp,192.168.55.150,60942,104.21.79.241,443,OUT.bound,established,ads.adnuntius.delivery,,US,AS13335 cloudflare,,,
2023-11-17_16-25-32,tcp,192.168.55.150,60954,77.88.21.90,443,OUT.bound,close,bs.yandex.ru,,RU,AS208722 yandex oy,:v3 - and the rest.... - www.tiuli.com/image/a057f08d1d773ab75e116ba4fffc595f.jpg?width=1080&#039;,,2023-05-08T02:00:47.680000
2023-11-17_16-25-32,tcp,192.168.55.150,60943,69.173.158.65,443,OUT.bound,established,tagged-by.rubiconproject.net.akadns.net,,US,AS26667 the rubicon project  inc.,,,
2023-11-17_16-25-32,tcp,192.168.55.150,60955,77.88.21.90,443,OUT.bound,close,bs.yandex.ru,,RU,AS208722 yandex oy,:v3 - and the rest.... - www.tiuli.com/image/a057f08d1d773ab75e116ba4fffc595f.jpg?width=1080&#039;,,2023-05-08T02:00:47.680000
2023-11-17_16-25-32,tcp,192.168.55.150,60958,23.64.122.48,443,OUT.bound,established,e118744.a.akamaiedge.net,,SG,AS20940 akamai international b.v.,,,
2023-11-17_16-25-32,udp,10.0.0.4,32911,8.8.4.4,53,OUT.bound,,,,,,,,
2023-11-17_16-25-32,udp,192.168.55.150,59055,74.125.24.139,443,OUT.bound,,www.google-analytics.com,,US,AS15169 google llc,,,
2023-11-17_16-25-32,tcp,192.168.55.150,60940,67.199.150.87,443,OUT.bound,established,hbopenbid-apac-v2.pubmnet.com,,US,AS62713 pubmatic  inc.,,,
2023-11-17_16-25-32,udp,192.168.55.150,58072,192.168.55.1,53,local,,,,,,,,
2023-11-17_16-25-32,udp,10.0.0.4,39408,8.8.4.4,53,OUT.bound,,,,,,,,
2023-11-17_16-25-32,udp,192.168.55.150,62644,192.168.55.1,53,local,,,,,,,,
2023-11-17_16-25-32,tcp,192.168.55.150,60951,23.106.127.160,443,OUT.bound,established,apac1.smartadserver.com,,SG,AS59253 leaseweb asia pacific pte. ltd.,,,
2023-11-17_16-25-32,tcp,192.168.55.150,60948,23.106.127.160,443,OUT.bound,established,apac1.smartadserver.com,,SG,AS59253 leaseweb asia pacific pte. ltd.,,,
2023-11-17_16-25-32,udp,10.0.0.4,57964,8.8.4.4,53,OUT.bound,,,,,,,,
2023-11-17_16-25-32,udp,10.0.0.4,52752,8.8.4.4,53,OUT.bound,,,,,,,,
2023-11-17_16-25-32,udp,10.0.0.4,38452,8.8.4.4,53,OUT.bound,,,,,,,,
2023-11-17_16-25-32,udp,192.168.55.150,55265,142.250.4.103,443,OUT.bound,,www.google.com,,US,AS15169 google llc,,,
2023-11-17_16-25-32,tcp,192.168.55.150,60946,163.181.160.235,443,OUT.bound,established,connect.detik.com.w.cdngslb.com,,US,ASNone ,,,
2023-11-17_16-25-32,tcp,192.168.55.150,60962,52.4.243.120,443,OUT.bound,established,ping.chartbeat.net,,US,AS14618 amazon.com  inc.,,,
2023-11-17_16-25-32,udp,192.168.55.150,64925,192.168.55.1,53,local,,,,,,,,
2023-11-17_16-25-32,udp,10.0.0.4,35346,8.8.4.4,53,OUT.bound,,,,,,,,
2023-11-17_16-25-32,udp,192.168.55.150,64458,192.168.55.1,53,local,,,,,,,,
2023-11-17_16-25-32,udp,10.0.0.4,45792,8.8.4.4,53,OUT.bound,,,,,,,,
2023-11-17_16-25-32,udp,192.168.55.150,61174,192.168.55.1,53,local,,,,,,,,
2023-11-17_16-25-32,tcp,192.168.55.150,60961,151.101.2.202,443,OUT.bound,established,dualstack.f6.shared.global.fastly.net,,US,AS54113 fastly,,,
2023-11-17_16-25-32,udp,10.0.0.4,45211,8.8.4.4,53,OUT.bound,,,,,,,,
2023-11-17_16-25-32,udp,10.0.0.4,34258,8.8.4.4,53,OUT.bound,,,,,,,,
2023-11-17_16-25-32,udp,10.0.0.4,37383,8.8.4.4,53,OUT.bound,,,,,,,,
2023-11-17_16-25-32,tcp,192.168.55.150,60959,23.64.122.42,443,OUT.bound,established,e118744.a.akamaiedge.net,,SG,AS20940 akamai international b.v.,,,
2023-11-17_16-25-32,udp,192.168.55.150,56147,74.125.68.94,443,OUT.bound,,www.gstatic.com,,US,AS15169 google llc,,,
2023-11-17_16-25-32,udp,192.168.55.150,56147,74.125.68.94,443,OUT.bound,,www.google.com.sg,,US,AS15169 google llc,,,
2023-11-17_16-25-32,tcp,192.168.55.150,60950,23.106.127.160,443,OUT.bound,established,apac1.smartadserver.com,,SG,AS59253 leaseweb asia pacific pte. ltd.,,,
2023-11-17_16-25-32,udp,192.168.55.150,57574,74.125.130.157,443,OUT.bound,,stats.g.doubleclick.net,,US,AS15169 google llc,,,
2023-11-17_16-25-32,tcp,192.168.55.150,60944,13.33.88.83,443,OUT.bound,established,ms-bidder-bid.prod.cloud.ogury.io,,US,ASNone ,,,
2023-11-17_16-25-32,tcp,192.168.55.150,60953,77.88.21.90,443,OUT.bound,close,bs.yandex.ru,,RU,AS208722 yandex oy,:v3 - and the rest.... - www.tiuli.com/image/a057f08d1d773ab75e116ba4fffc595f.jpg?width=1080&#039;,,2023-05-08T02:00:47.680000
2023-11-17_16-25-32,tcp,192.168.55.150,60963,52.4.243.120,443,OUT.bound,established,ping.chartbeat.net,,US,AS14618 amazon.com  inc.,,,
2023-11-17_16-25-32,udp,192.168.55.150,57382,192.168.55.1,53,local,,,,,,,,
2023-11-17_16-25-32,udp,192.168.55.150,64251,74.125.68.101,443,OUT.bound,,analytics.google.com,,US,AS15169 google llc,,,
2023-11-17_16-25-32,udp,10.0.0.4,35040,8.8.4.4,53,OUT.bound,,,,,,,,
2023-11-17_16-25-32,tcp,192.168.55.150,60941,77.88.21.90,443,OUT.bound,established,bs.yandex.ru,,RU,AS208722 yandex oy,:v3 - and the rest.... - www.tiuli.com/image/a057f08d1d773ab75e116ba4fffc595f.jpg?width=1080&#039;,,2023-05-08T02:00:47.680000
2023-11-17_16-25-32,tcp,192.168.55.150,60952,23.106.127.160,443,OUT.bound,established,apac1.smartadserver.com,,SG,AS59253 leaseweb asia pacific pte. ltd.,,,
2023-11-17_16-25-32,udp,192.168.55.150,55010,192.168.55.1,53,local,,,,,,,,
2023-11-17_16-25-32,udp,192.168.55.150,54323,35.227.252.103,443,OUT.bound,,rtb.openx.net,,US,AS15169 google llc,"Hiding in common sight, misplaced attribution as just being AD Fraud",Get ready for the Russians to take over cause while most of cyber has been sleeping thru this chroni,2022-06-15T00:01:21.489000
2023-11-17_16-25-32,tcp,192.168.55.150,60949,23.106.127.160,443,OUT.bound,established,apac1.smartadserver.com,,SG,AS59253 leaseweb asia pacific pte. ltd.,,,
2023-11-17_16-25-32,tcp,192.168.55.150,60947,23.106.127.160,443,OUT.bound,established,apac1.smartadserver.com,,SG,AS59253 leaseweb asia pacific pte. ltd.,,,
2023-11-17_16-25-32,tcp,192.168.55.150,60945,13.33.88.83,443,OUT.bound,established,ms-bidder-bid.prod.cloud.ogury.io,,US,ASNone ,,,
2023-11-17_16-25-32,udp,192.168.55.150,62018,35.241.10.124,443,OUT.bound,,analytic.detik.com,,US,AS15169 google llc,,,
2023-11-17_16-25-32,udp,10.0.0.4,46322,8.8.4.4,53,OUT.bound,,,,,,,,
2023-11-17_16-25-32,tcp,192.168.55.150,60965,103.136.220.204,443,OUT.bound,established,alisg-normal-lb.byteoversea.net,,SG,AS138699 tiktok pte. ltd.,,,
2023-11-17_16-25-32,udp,192.168.55.150,60263,163.70.141.35,443,OUT.bound,,star-mini.c10r.facebook.com,,FR,ASNone ,,,
2023-11-17_16-25-32,udp,10.0.0.4,59748,8.8.4.4,53,OUT.bound,,,,,,,,
2023-11-17_16-25-32,udp,192.168.55.150,53972,192.168.55.1,53,local,,,,,,,,
2023-11-17_16-25-32,udp,192.168.55.150,58570,192.168.55.1,53,local,,,,,,,,
2023-11-17_16-25-32,udp,10.0.0.4,49694,8.8.4.4,53,OUT.bound,,,,,,,,
2023-11-17_16-25-32,tcp,192.168.55.150,60970,203.190.242.211,443,OUT.bound,time-wait,detik.com,,ID,AS24211 detik,,,
2023-11-17_16-25-32,tcp,192.168.55.150,60968,13.33.35.24,443,OUT.bound,established,d1jvc9b8z3vcjs.cloudfront.net,,US,AS16509 amazon.com inc,,,
2023-11-17_16-25-32,tcp,192.168.55.150,60969,44.216.10.24,443,OUT.bound,established,ugdturner.com,,US,AS14618 amazon.com  inc.,,,
2023-11-17_16-25-32,udp,192.168.55.150,50476,192.168.55.1,53,local,,,,,,,,
2023-11-17_16-25-32,udp,10.0.0.4,39122,8.8.4.4,53,OUT.bound,,,,,,,,
2023-11-17_16-25-32,udp,10.0.0.4,36470,8.8.4.4,53,OUT.bound,,,,,,,,
2023-11-17_16-25-32,udp,192.168.55.150,56088,192.168.55.1,53,local,,,,,,,,
2023-11-17_16-25-32,tcp,192.168.55.150,60972,184.73.159.12,443,OUT.bound,syn-sent,logx-internal.optimizely.com,,US,AS14618 amazon.com  inc.,,,
2023-11-17_16-25-32,tcp,192.168.55.150,60964,142.251.12.132,443,OUT.bound,established,pagead-googlehosted.l.google.com,,US,AS15169 google llc,,,
2023-11-17_16-25-32,tcp,192.168.55.150,60973,52.84.174.63,443,OUT.bound,syn-sent,live.rezync.com,,US,AS16509 amazon.com inc,,,
2023-11-17_16-25-32,udp,192.168.55.150,62512,192.168.55.1,53,local,,,,,,,,
2023-11-17_16-25-32,udp,192.168.55.150,64032,34.120.253.250,443,OUT.bound,,tag.bouncex.net,,US,AS396982 google,BitMapCase.exe ___ trojan.emotet/autoruns,A website Auto generates emotet. I would consider this VERY malicious. Emotet is run by cyber crimin,2023-09-19T09:00:03.081000
2023-11-17_16-25-32,udp,192.168.55.150,49800,192.168.55.1,53,local,,,,,,,,
2023-11-17_16-25-32,tcp,192.168.55.150,60971,52.76.20.8,443,OUT.bound,established,census.ap-southeast-1.nielsencollections.com,,SG,AS16509 amazon.com inc,,,
2023-11-17_16-25-32,udp,10.0.0.4,39475,8.8.4.4,53,OUT.bound,,,,,,,,
2023-11-17_16-25-32,udp,192.168.55.150,51000,192.168.55.1,53,local,,,,,,,,
2023-11-17_16-25-32,tcp,192.168.55.150,60966,103.136.220.204,443,OUT.bound,established,alisg-normal-lb.byteoversea.net,,SG,AS138699 tiktok pte. ltd.,,,
2023-11-17_16-25-32,udp,10.0.0.4,38866,8.8.4.4,53,OUT.bound,,,,,,,,
2023-11-17_16-25-32,udp,192.168.55.150,63594,192.168.55.1,53,local,,,,,,,,
2023-11-17_16-25-32,tcp,192.168.55.150,60967,44.216.10.24,443,OUT.bound,established,ugdturner.com,,US,AS14618 amazon.com  inc.,,,
2023-11-17_16-25-32,udp,10.0.0.4,59482,8.8.4.4,53,OUT.bound,,,,,,,,
2023-11-17_16-26-26,udp,175.103.43.90,4500,10.0.0.4,4500,IN.bound,,,,ID,AS38320 pt maxindo mitra solusi,,,
2023-11-17_16-26-26,udp,175.103.43.90,1701,10.0.0.4,1701,IN.bound,,,,ID,AS38320 pt maxindo mitra solusi,,,
2023-11-17_16-26-26,tcp,192.168.55.150,60981,3.216.245.150,443,OUT.bound,established,,,US,AS14618 amazon.com  inc.,,,
2023-11-17_16-26-26,tcp,175.103.43.90,57307,10.0.0.4,4075,IN.bound,established,,,ID,AS38320 pt maxindo mitra solusi,,,
2023-11-17_16-26-26,tcp,192.168.55.150,61392,66.135.7.131,443,OUT.bound,established,h1tlkvtlb.puzztake.com,,US,AS20473 the constant company  llc,,,
2023-11-17_16-26-26,icmp,10.0.0.4,0,202.58.182.241,0,OUT.bound,,bcs.binus.ac.id,,ID,AS24526 bina nusantara university,,,
2023-11-17_16-26-26,icmp,192.168.55.150,0,203.190.242.211,0,OUT.bound,,detik.com,,ID,AS24211 detik,,,
2023-11-17_16-26-26,icmp,10.0.0.4,0,175.103.43.90,0,OUT.bound,,,,ID,AS38320 pt maxindo mitra solusi,,,
2023-11-17_16-26-26,tcp,192.168.55.150,61394,66.135.7.131,443,OUT.bound,established,h1tlkvtlb.puzztake.com,,US,AS20473 the constant company  llc,,,
2023-11-17_16-26-26,tcp,192.168.55.150,60859,184.27.122.27,443,OUT.bound,established,,,SG,AS20940 akamai international b.v.,,,
2023-11-17_16-26-26,tcp,192.168.55.150,60863,162.247.241.14,443,OUT.bound,established,bam.nr-data.net.cdn.cloudflare.net,,US,AS23467 new relic,quick look at UoA,,2023-11-07T04:03:56.865000
2023-11-17_16-26-26,tcp,192.168.55.150,60940,67.199.150.87,443,OUT.bound,established,hbopenbid-apac-v2.pubmnet.com,,US,AS62713 pubmatic  inc.,,,
2023-11-17_16-26-26,tcp,192.168.55.150,61004,18.141.18.196,443,OUT.bound,established,,,SG,AS16509 amazon.com inc,,,
2023-11-17_16-26-26,tcp,192.168.55.150,60968,13.33.35.24,443,OUT.bound,established,,,US,AS16509 amazon.com inc,,,
2023-11-17_16-26-26,tcp,192.168.55.150,61003,74.125.68.155,443,OUT.bound,established,googleads.g.doubleclick.net,,US,AS15169 google llc,,,
2023-11-17_16-26-26,tcp,192.168.55.150,61003,74.125.68.155,443,OUT.bound,established,www.googletagservices.com,,US,AS15169 google llc,,,
2023-11-17_16-26-26,tcp,192.168.55.150,60994,142.251.12.132,443,OUT.bound,established,pagead-googlehosted.l.google.com,,US,AS15169 google llc,,,
2023-11-17_16-26-26,tcp,192.168.55.150,61006,151.101.2.49,443,OUT.bound,established,,,US,AS54113 fastly,Link attacked | Archive.ph,"exploit_source, scanning_host, Record breaker, Proxy, autonomous system, nginx. FireHOL, backdoor, b",2023-11-07T17:04:05.029000
2023-11-17_16-26-26,tcp,192.168.55.150,61010,117.18.232.64,443,OUT.bound,established,cs43.wpc.kappacdn.net,,AU,AS15133 verizon,,,
2023-11-17_16-26-26,tcp,192.168.55.150,61007,35.186.193.173,443,OUT.bound,established,ipac.ctnsnet.com,,US,AS15169 google llc,,,
2023-11-17_16-26-26,tcp,192.168.55.150,61007,35.186.193.173,443,OUT.bound,established,cm.ctnsnet.com,,US,AS15169 google llc,,,
2023-11-17_16-26-26,tcp,192.168.55.150,61019,23.59.80.128,443,OUT.bound,established,,,SG,AS20940 akamai international b.v.,,,
2023-11-17_16-26-26,tcp,192.168.55.150,60964,142.251.12.132,443,OUT.bound,established,pagead-googlehosted.l.google.com,,US,AS15169 google llc,,,
2023-11-17_16-26-26,tcp,192.168.55.150,61021,52.223.2.229,443,OUT.bound,established,,,US,AS16509 amazon.com inc,,,
2023-11-17_16-26-26,tcp,192.168.55.150,60901,67.199.150.87,443,OUT.bound,established,hbopenbid-apac-v2.pubmnet.com,,US,AS62713 pubmatic  inc.,,,
2023-11-17_16-26-26,tcp,192.168.55.150,61033,104.22.25.87,443,OUT.bound,established,mwzeom.zeotap.com,,US,AS13335 cloudflare,Deptlock Browser Compromise attack initiated by malicious (SOC) Partner ,,2023-11-04T23:21:42.110000
2023-11-17_16-26-26,tcp,192.168.55.150,61013,104.83.198.23,443,OUT.bound,established,,,NL,AS16625 akamai technologies  inc.,,,
2023-11-17_16-26-26,tcp,192.168.55.150,61017,13.33.88.81,443,OUT.bound,established,,,US,ASNone ,,,
2023-11-17_16-26-26,tcp,192.168.55.150,61026,67.199.150.86,443,OUT.bound,established,pug-sg4c.pubmnet.com,,US,AS62713 pubmatic  inc.,,,
2023-11-17_16-26-26,tcp,192.168.55.150,61029,104.244.42.195,443,OUT.bound,established,,,US,AS13414 twitter inc.,WHO IS NIC,,2023-11-14T06:01:29.027000
2023-11-17_16-26-26,tcp,192.168.55.150,61067,13.33.88.46,443,OUT.bound,established,,,US,ASNone ,,,
2023-11-17_16-26-26,tcp,192.168.55.150,61246,69.173.158.67,443,OUT.bound,established,beacon-sin1.rubiconproject.net.akadns.net,,SG,AS26667 the rubicon project  inc.,,,
2023-11-17_16-26-26,tcp,192.168.55.150,61343,35.213.12.39,443,OUT.bound,established,,,JP,AS15169 google llc,,,
2023-11-17_16-26-26,tcp,192.168.55.150,61071,69.173.158.64,443,OUT.bound,established,pixel.rubiconproject.net.akadns.net,,SG,AS26667 the rubicon project  inc.,,,
2023-11-17_16-26-26,tcp,192.168.55.150,61300,35.244.159.8,443,OUT.bound,established,us-u.openx.net,,US,AS15169 google llc,Event Triggered Execution,,2023-09-02T17:55:37.269000
2023-11-17_16-26-26,udp,192.168.55.150,51424,74.125.24.156,443,OUT.bound,,,,US,AS15169 google llc,,,
2023-11-17_16-26-26,tcp,192.168.55.150,61233,104.119.104.24,443,OUT.bound,established,,,SG,AS16625 akamai technologies  inc.,,,
2023-11-17_16-26-26,tcp,192.168.55.150,61339,80.77.87.163,443,OUT.bound,close-wait,cs.admanmedia.com,,GB,AS46636 natcoweb corp.,,,
2023-11-17_16-26-26,tcp,192.168.55.150,61069,69.173.158.64,443,OUT.bound,established,pixel.rubiconproject.net.akadns.net,,SG,AS26667 the rubicon project  inc.,,,
2023-11-17_16-26-26,tcp,192.168.55.150,61045,13.33.88.84,443,OUT.bound,established,,,US,ASNone ,,,
2023-11-17_16-26-26,tcp,192.168.55.150,61079,18.155.68.35,443,OUT.bound,established,,,US,AS16509 amazon.com inc,,,
2023-11-17_16-26-26,tcp,192.168.55.150,61073,69.173.158.64,443,OUT.bound,established,pixel.rubiconproject.net.akadns.net,,SG,AS26667 the rubicon project  inc.,,,
2023-11-17_16-26-26,tcp,192.168.55.150,61016,198.8.71.130,443,OUT.bound,established,a-us-west.rfihub.com.akadns.net,,US,AS54312 rocket fuel inc.,,,
2023-11-17_16-26-26,tcp,192.168.55.150,61043,104.18.21.134,443,OUT.bound,established,idsync.reson8.com.cdn.cloudflare.net,,US,AS13335 cloudflare,,,
2023-11-17_16-26-26,tcp,192.168.55.150,61336,80.77.87.163,443,OUT.bound,close-wait,cs.admanmedia.com,,GB,AS46636 natcoweb corp.,,,
2023-11-17_16-26-26,tcp,192.168.55.150,61181,52.84.228.19,443,OUT.bound,established,,,US,AS16509 amazon.com inc,,,
2023-11-17_16-26-26,tcp,192.168.55.150,61068,13.33.88.46,443,OUT.bound,established,,,US,ASNone ,,,
2023-11-17_16-26-26,tcp,192.168.55.150,61039,34.223.199.227,443,OUT.bound,established,,,US,AS16509 amazon.com inc,,,
2023-11-17_16-26-26,tcp,192.168.55.150,61070,172.217.194.154,443,OUT.bound,established,securepubads46.g.doubleclick.net,,US,AS15169 google llc,,,
2023-11-17_16-26-26,tcp,192.168.55.150,61070,172.217.194.154,443,OUT.bound,established,pubads46.g.doubleclick.net,,US,AS15169 google llc,,,
2023-11-17_16-26-26,tcp,192.168.55.150,61066,13.33.88.46,443,OUT.bound,established,,,US,ASNone ,,,
2023-11-17_16-26-26,tcp,192.168.55.150,61005,151.101.194.49,443,OUT.bound,established,,,US,AS54113 fastly,CVE-2023-22515,The full text of the latest security vulnerability (CVE) released by the US Department of Homeland S,2023-10-28T19:23:07.086000
2023-11-17_16-26-26,tcp,192.168.55.150,61050,3.230.146.238,443,OUT.bound,established,,,US,AS14618 amazon.com  inc.,,,
2023-11-17_16-26-26,tcp,192.168.55.150,61094,67.199.150.82,443,OUT.bound,established,imgsync-sg4c.pubmnet.com,,US,AS62713 pubmatic  inc.,,,
2023-11-17_16-26-26,tcp,192.168.55.150,61252,207.65.33.74,443,OUT.bound,established,t-sin12c.pubmnet.com,,US,AS6203 the nexus group,,,
2023-11-17_16-26-26,tcp,192.168.55.150,61399,203.190.242.211,443,OUT.bound,time-wait,detik.com,,ID,AS24211 detik,,,
2023-11-17_16-26-26,tcp,192.168.55.150,61087,151.101.1.229,443,OUT.bound,established,,,US,AS54113 fastly,njRAT| BazarLoader|  WebToolbar  Qbot,,2023-11-07T01:10:46.934000
2023-11-17_16-26-26,tcp,192.168.55.150,61108,74.125.68.148,443,OUT.bound,established,ad.doubleclick.net,,US,AS15169 google llc,,,
2023-11-17_16-26-26,tcp,192.168.55.150,61055,18.211.84.22,443,OUT.bound,established,,,US,AS14618 amazon.com  inc.,,,
2023-11-17_16-26-26,icmp,108.137.50.54,0,10.0.0.4,0,IN.bound,,,,ID,AS16509 amazon.com inc,,,
2023-11-17_16-26-26,tcp,192.168.55.150,61104,52.84.251.108,443,OUT.bound,established,,,US,AS16509 amazon.com inc,,,
2023-11-17_16-26-26,tcp,192.168.55.150,61113,67.199.150.90,443,OUT.bound,established,ssptkr-sg4.pubmnet.com,,US,AS62713 pubmatic  inc.,,,
2023-11-17_16-26-26,tcp,192.168.55.150,61115,74.125.24.148,443,OUT.bound,established,s0.2mdn.net,,US,AS15169 google llc,,,
2023-11-17_16-26-26,tcp,192.168.55.150,61107,172.67.23.234,443,OUT.bound,established,ids.ad.gt.cdn.cloudflare.net,,US,AS13335 cloudflare,,,
2023-11-17_16-26-26,tcp,192.168.55.150,61126,172.66.42.247,443,OUT.bound,established,router.infolinks.com,,US,AS13335 cloudflare,,,
2023-11-17_16-26-26,tcp,192.168.55.150,61187,13.33.35.24,443,OUT.bound,established,,,US,AS16509 amazon.com inc,,,
2023-11-17_16-26-26,tcp,192.168.55.150,61145,104.18.23.145,443,OUT.bound,established,cadmus.script.ac,,US,AS13335 cloudflare,,,
2023-11-17_16-26-26,icmp,108.137.6.14,0,10.0.0.4,0,IN.bound,,,,ID,AS16509 amazon.com inc,,,
2023-11-17_16-26-26,tcp,192.168.55.150,61138,89.207.22.146,443,OUT.bound,established,,,US,AS399104 conversant  llc,,,
2023-11-17_16-26-26,tcp,192.168.55.150,61122,3.214.199.193,443,OUT.bound,established,services.insurads.com,,US,AS14618 amazon.com  inc.,,,
2023-11-17_16-26-26,tcp,192.168.55.150,61400,203.190.242.211,443,OUT.bound,time-wait,detik.com,,ID,AS24211 detik,,,
2023-11-17_16-26-26,udp,192.168.55.150,63792,142.250.4.147,443,OUT.bound,,www.google.com,,US,AS15169 google llc,,,
2023-11-17_16-26-26,tcp,192.168.55.150,61142,104.26.8.169,443,OUT.bound,established,script.4dex.io,,US,AS13335 cloudflare,Browser Malware Attack,Attacking  browser to identify researcher.\nCommand for critical failure/destruction:    https://sea,2023-11-04T23:13:21.883000
2023-11-17_16-26-26,tcp,192.168.55.150,61118,52.46.143.56,443,OUT.bound,established,,,US,AS16509 amazon.com inc,,,
2023-11-17_16-26-26,tcp,192.168.55.150,61147,104.17.216.204,443,OUT.bound,established,dmp.truoptik.com,,US,AS13335 cloudflare,,,
2023-11-17_16-26-26,icmp,108.136.158.57,0,10.0.0.4,0,IN.bound,,,,ID,AS16509 amazon.com inc,,,
2023-11-17_16-26-26,tcp,192.168.55.150,61401,203.190.242.211,443,OUT.bound,time-wait,detik.com,,ID,AS24211 detik,,,
2023-11-17_16-26-26,tcp,192.168.55.150,61144,104.26.8.169,443,OUT.bound,established,script.4dex.io,,US,AS13335 cloudflare,Browser Malware Attack,Attacking  browser to identify researcher.\nCommand for critical failure/destruction:    https://sea,2023-11-04T23:13:21.883000
2023-11-17_16-26-26,tcp,192.168.55.150,61155,18.155.68.55,443,OUT.bound,established,,,US,AS16509 amazon.com inc,,,
2023-11-17_16-26-26,tcp,192.168.55.150,61150,54.192.150.11,443,OUT.bound,established,,,US,AS16509 amazon.com inc,,,
2023-11-17_16-26-26,tcp,192.168.55.150,61139,52.207.175.30,443,OUT.bound,established,,,US,AS14618 amazon.com  inc.,,,
2023-11-17_16-26-26,icmp,108.137.97.90,0,10.0.0.4,0,IN.bound,,,,ID,AS16509 amazon.com inc,,,
2023-11-17_16-26-26,tcp,192.168.55.150,61402,203.190.242.211,443,OUT.bound,time-wait,detik.com,,ID,AS24211 detik,,,
2023-11-17_16-26-26,tcp,192.168.55.150,61152,35.186.202.217,443,OUT.bound,established,prod.y-medialink.com,,US,AS15169 google llc,,,
2023-11-17_16-26-26,tcp,192.168.55.150,61403,203.190.242.211,443,OUT.bound,time-wait,detik.com,,ID,AS24211 detik,,,
2023-11-17_16-26-26,tcp,192.168.55.150,61163,13.227.254.15,443,OUT.bound,established,,,US,AS16509 amazon.com inc,,,
2023-11-17_16-26-26,tcp,192.168.55.150,61404,203.190.242.211,443,OUT.bound,time-wait,detik.com,,ID,AS24211 detik,,,
2023-11-17_16-26-26,tcp,192.168.55.150,61162,64.58.232.176,443,OUT.bound,established,,,US,AS13649 flexential colorado corp.,,,
2023-11-17_16-26-26,tcp,192.168.55.150,61405,203.190.242.211,443,OUT.bound,close,detik.com,,ID,AS24211 detik,,,
2023-11-17_16-26-26,tcp,192.168.55.150,61167,64.58.232.177,443,OUT.bound,established,,,US,AS13649 flexential colorado corp.,,,
2023-11-17_16-26-26,tcp,192.168.55.150,60962,52.4.243.120,443,OUT.bound,established,,,US,AS14618 amazon.com  inc.,,,
2023-11-17_16-26-26,udp,192.168.55.150,64096,151.101.195.5,443,OUT.bound,,edition.cnn.com,,US,AS54113 fastly,,,
2023-11-17_16-26-26,tcp,192.168.55.150,61406,203.190.242.211,443,OUT.bound,time-wait,detik.com,,ID,AS24211 detik,,,
2023-11-17_16-26-26,tcp,192.168.55.150,61407,203.190.242.211,443,OUT.bound,time-wait,detik.com,,ID,AS24211 detik,,,
2023-11-17_16-26-26,tcp,192.168.55.150,61178,34.213.32.158,443,OUT.bound,established,,,US,AS16509 amazon.com inc,,,
2023-11-17_16-26-26,icmp,43.218.120.114,0,10.0.0.4,0,IN.bound,,,,AU,ASNone ,,,
2023-11-17_16-26-26,tcp,192.168.55.150,60986,52.207.175.30,443,OUT.bound,established,,,US,AS14618 amazon.com  inc.,,,
2023-11-17_16-26-26,tcp,192.168.55.150,61186,207.65.33.74,443,OUT.bound,established,t-sin12c.pubmnet.com,,US,AS6203 the nexus group,,,
2023-11-17_16-26-26,tcp,192.168.55.150,61183,13.227.254.14,443,OUT.bound,established,,,US,AS16509 amazon.com inc,,,
2023-11-17_16-26-26,tcp,192.168.55.150,61184,52.84.228.19,443,OUT.bound,established,,,US,AS16509 amazon.com inc,,,
2023-11-17_16-26-40,tcp,10.0.0.4,4075,175.103.43.90,57307,OUT.bound,established,,,ID,AS38320 pt maxindo mitra solusi,,,
2023-11-17_16-26-40,icmp,10.0.0.4,0,202.58.182.241,0,OUT.bound,,bcs.binus.ac.id,,ID,AS24526 bina nusantara university,,,
2023-11-17_16-26-40,icmp,10.0.0.4,0,175.103.43.90,0,OUT.bound,,,,ID,AS38320 pt maxindo mitra solusi,,,
2023-11-17_16-26-40,udp,112.111.41.105,54276,10.0.0.4,8610,IN.bound,,,,CN,AS4837 china unicom china169 backbone,,,
2023-11-17_16-26-53,icmp,10.0.0.4,0,202.58.182.241,0,OUT.bound,,bcs.binus.ac.id,,ID,AS24526 bina nusantara university,,,
2023-11-17_16-26-53,icmp,10.0.0.4,0,175.103.43.90,0,OUT.bound,,,,ID,AS38320 pt maxindo mitra solusi,,,
2023-11-17_16-26-53,tcp,10.0.0.4,179,20.205.36.71,34788,OUT.bound,established,,,HK,AS8075 microsoft corporation,,,
2023-11-17_16-26-53,tcp,175.103.43.90,57307,10.0.0.4,4075,IN.bound,established,,,ID,AS38320 pt maxindo mitra solusi,,,
2023-11-17_16-26-53,udp,20.205.36.71,4500,10.0.0.4,4500,IN.bound,,,,HK,AS8075 microsoft corporation,,,
2023-11-17_16-26-53,udp,20.205.36.71,1701,10.0.0.4,1701,IN.bound,,,,HK,AS8075 microsoft corporation,,,
2023-11-17_16-26-53,udp,192.168.55.2,5678,255.255.255.255,5678,broadcast,,,,,,,,
