.id,protocol,src-address,dst-address,reply-src-address,reply-dst-address,gre-key,tcp-state,connection-type,timeout,connection-mark,orig-packets,orig-bytes,orig-fasttrack-packets,orig-fasttrack-bytes,repl-packets,repl-bytes,repl-fasttrack-packets,repl-fasttrack-bytes,orig-rate,repl-rate,expected,seen-reply,assured,confirmed,dying,fasttrack,srcnat,dstnat,icmp-code,icmp-type,icmp-id,timestamp
*3CE4D,icmp,175.103.43.90,175.103.46.158,175.103.46.158,175.103.43.90,,,,9s,speedtest.c,70,6440,0,0,35,3220,0,0,1472,736,False,True,False,True,False,False,False,False,0,8,8,2023-11-30 15:45:05 WIB
*3D33F,udp,175.103.46.158:5678,192.168.121.1:53,192.168.121.1:53,175.103.46.158:5678,,,,9s,speedtest.c,35,2240,0,0,0,0,0,0,1024,0,False,False,False,True,False,False,False,False,,,,2023-11-30 15:45:05 WIB
*3D340,tcp,175.103.43.90:53679,146.196.111.218:899,146.196.111.218:899,175.103.43.90:53679,,established,,4m59s,speedtest.c,298,24052,0,0,407,488920,0,0,4704,17632,False,True,True,True,False,False,False,False,,,,2023-11-30 15:45:05 WIB
*3D428,tcp,43.134.53.107:799,175.103.46.158:39660,175.103.46.158:39660,43.134.53.107:799,,established,,23h59m59s,,3,156,0,0,3,156,0,0,416,416,False,True,True,True,False,False,False,False,,,,2023-11-30 15:45:05 WIB
*3D429,tcp,43.133.45.194:799,175.103.46.158:42064,175.103.46.158:42064,43.133.45.194:799,,established,,23h59m59s,,3,156,0,0,3,156,0,0,416,416,False,True,True,True,False,False,False,False,,,,2023-11-30 15:45:05 WIB
*3D565,tcp,175.103.46.158:57442,157.240.211.61:443,157.240.211.61:443,175.103.46.158:57442,,established,,23h59m32s,speedtest.c,2,136,0,0,2,146,0,0,0,0,False,True,True,True,False,False,False,False,,,,2023-11-30 15:45:05 WIB
*3D91E,tcp,175.103.46.158:57204,157.240.217.60:443,157.240.217.60:443,175.103.46.158:57204,,established,,23h59m42s,speedtest.c,8,532,0,0,12,1112,0,0,0,0,False,True,True,True,False,False,False,False,,,,2023-11-30 15:45:05 WIB
*3D924,tcp,175.103.46.158:37642,13.251.96.96:443,13.251.96.96:443,175.103.46.158:37642,,established,,23h59m55s,speedtest.c,22,6345,0,0,27,12032,0,0,0,0,False,True,True,True,False,False,False,False,,,,2023-11-30 15:45:05 WIB
*3D926,udp,175.103.46.158:5678,192.168.124.1:53,192.168.124.1:53,175.103.46.158:5678,,,,8s,speedtest.c,35,2240,0,0,0,0,0,0,1024,0,False,False,False,True,False,False,False,False,,,,2023-11-30 15:45:05 WIB
*3D927,udp,175.103.46.158:5678,192.168.1.1:53,192.168.1.1:53,175.103.46.158:5678,,,,8s,speedtest.c,35,2240,0,0,0,0,0,0,1024,0,False,False,False,True,False,False,False,False,,,,2023-11-30 15:45:05 WIB
*3D929,udp,175.103.46.158:5678,192.168.122.1:53,192.168.122.1:53,175.103.46.158:5678,,,,9s,speedtest.c,35,2240,0,0,0,0,0,0,1024,0,False,False,False,True,False,False,False,False,,,,2023-11-30 15:45:05 WIB
*3D92D,tcp,43.134.120.219:799,175.103.46.158:47698,175.103.46.158:47698,43.134.120.219:799,,established,,23h59m57s,speedtest.c,4,245,0,0,4,249,0,0,0,0,False,True,True,True,False,False,False,False,,,,2023-11-30 15:45:05 WIB
*3D92E,tcp,175.103.46.158:48630,66.90.98.108:80,66.90.98.108:80,175.103.46.158:48630,,established,,23h59m53s,speedtest.c,2340,143870,0,0,7059,10198625,0,0,0,0,False,True,True,True,False,False,False,False,,,,2023-11-30 15:45:05 WIB
*3D930,tcp,175.103.46.158:63122,47.246.159.253:80,47.246.159.253:80,175.103.46.158:63122,,established,,23h59m26s,speedtest.c,5,710,0,0,4,542,0,0,0,0,False,True,True,True,False,False,False,False,,,,2023-11-30 15:45:05 WIB
*3D934,tcp,43.134.53.107:799,175.103.46.158:39644,175.103.46.158:39644,43.134.53.107:799,,established,,23h59m47s,speedtest.c,4,240,0,0,4,249,0,0,0,0,False,True,True,True,False,False,False,False,,,,2023-11-30 15:45:05 WIB
*3D935,udp,175.103.46.158:49538,74.125.68.91:443,74.125.68.91:443,175.103.46.158:49538,,,,2m57s,speedtest.c,18,5148,0,0,22,1473,0,0,0,0,False,True,True,True,False,False,False,False,,,,2023-11-30 15:45:05 WIB
*3D936,tcp,175.103.46.158:62445,36.67.189.250:443,36.67.189.250:443,175.103.46.158:62445,,established,,23h59m50s,speedtest.c,223,212306,0,0,313,343082,0,0,0,0,False,True,True,True,False,False,False,False,,,,2023-11-30 15:45:05 WIB
*3D937,tcp,101.32.248.90:799,175.103.46.158:51212,175.103.46.158:51212,101.32.248.90:799,,established,,23h59m57s,,3,156,0,0,3,156,0,0,0,0,False,True,True,True,False,False,False,False,,,,2023-11-30 15:45:05 WIB
*3D938,udp,175.103.46.158:57106,34.64.4.35:443,34.64.4.35:443,175.103.46.158:57106,,,,2m28s,speedtest.c,3,3834,0,0,2,2556,0,0,0,0,False,True,True,True,False,False,False,False,,,,2023-11-30 15:45:05 WIB
*3D93B,tcp,54.255.247.221:13501,175.103.46.158:56156,175.103.46.158:56156,54.255.247.221:13501,,established,,23h59m57s,,7,371,0,0,7,364,0,0,0,0,False,True,True,True,False,False,False,False,,,,2023-11-30 15:45:05 WIB
*3D93C,udp,175.103.46.158:61126,34.64.4.35:443,34.64.4.35:443,175.103.46.158:61126,,,,2m29s,speedtest.c,10,3707,0,0,17,6916,0,0,0,0,False,True,True,True,False,False,False,False,,,,2023-11-30 15:45:05 WIB
*3D93D,tcp,175.103.46.158:51828,101.32.248.90:800,101.32.248.90:800,175.103.46.158:51828,,established,,23h59m58s,speedtest.c,10,1136,0,0,10,686,0,0,1120,416,False,True,True,True,False,False,False,False,,,,2023-11-30 15:45:05 WIB
*3D93E,tcp,175.103.46.158:45742,43.133.45.194:800,43.133.45.194:800,175.103.46.158:45742,,established,,23h59m58s,speedtest.c,7,980,0,0,7,364,0,0,1120,416,False,True,True,True,False,False,False,False,,,,2023-11-30 15:45:05 WIB
*3D940,tcp,43.133.45.194:799,175.103.46.158:46834,175.103.46.158:46834,43.133.45.194:799,,established,,23h59m54s,speedtest.c,4,240,0,0,4,251,0,0,0,0,False,True,True,True,False,False,False,False,,,,2023-11-30 15:45:05 WIB
*3D941,tcp,43.128.74.37:799,175.103.46.158:43746,175.103.46.158:43746,43.128.74.37:799,,established,,23h59m46s,speedtest.c,4,240,0,0,4,250,0,0,0,0,False,True,True,True,False,False,False,False,,,,2023-11-30 15:45:05 WIB
*3D942,tcp,101.32.248.90:799,175.103.46.158:50926,175.103.46.158:50926,101.32.248.90:799,,established,,23h59m46s,speedtest.c,4,240,0,0,4,251,0,0,0,0,False,True,True,True,False,False,False,False,,,,2023-11-30 15:45:05 WIB
*3D943,tcp,43.133.45.194:799,175.103.46.158:46974,175.103.46.158:46974,43.133.45.194:799,,established,,23h59m55s,speedtest.c,22,3139,0,0,23,7045,0,0,0,0,False,True,True,True,False,False,False,False,,,,2023-11-30 15:45:05 WIB
*3D944,tcp,43.134.120.219:799,175.103.46.158:47590,175.103.46.158:47590,43.134.120.219:799,,established,,23h59m53s,speedtest.c,5,297,0,0,5,309,0,0,0,0,False,True,True,True,False,False,False,False,,,,2023-11-30 15:45:05 WIB
*3D945,tcp,43.128.74.37:799,175.103.46.158:42834,175.103.46.158:42834,43.128.74.37:799,,established,,23h59m59s,speedtest.c,4,245,0,0,4,249,0,0,1128,1160,False,True,True,True,False,False,False,False,,,,2023-11-30 15:45:05 WIB
*3D946,tcp,175.103.46.158:48618,43.133.45.194:800,43.133.45.194:800,175.103.46.158:48618,,established,,23h59m59s,speedtest.c,7,980,0,0,7,364,0,0,1120,416,False,True,True,True,False,False,False,False,,,,2023-11-30 15:45:05 WIB
*3D947,udp,175.103.46.158:63004,31.13.95.63:443,31.13.95.63:443,175.103.46.158:63004,,,,2m54s,speedtest.c,783,53704,0,0,3361,4152029,0,0,0,0,False,True,True,True,False,False,False,False,,,,2023-11-30 15:45:05 WIB
*3D948,tcp,175.103.46.158:57639,157.240.235.60:443,157.240.235.60:443,175.103.46.158:57639,,established,,23h59m42s,speedtest.c,23,4521,0,0,28,7411,0,0,0,0,False,True,True,True,False,False,False,False,,,,2023-11-30 15:45:05 WIB
*3D949,tcp,175.103.46.158:54689,172.104.174.27:1194,172.104.174.27:1194,175.103.46.158:54689,,established,,23h59m59s,speedtest.c,7,448,0,0,7,397,0,0,320,632,False,True,True,True,False,False,False,False,,,,2023-11-30 15:45:05 WIB
*3D94A,udp,175.103.46.158:64450,216.239.38.120:443,216.239.38.120:443,175.103.46.158:64450,,,,2m29s,speedtest.c,7,2941,0,0,5,2498,0,0,0,0,False,True,True,True,False,False,False,False,,,,2023-11-30 15:45:05 WIB
*3D94B,icmp,175.103.46.158,175.103.46.157,175.103.46.157,175.103.46.158,,,,8s,speedtest.c,1,56,0,0,1,56,0,0,0,0,False,True,False,True,False,False,False,False,0,8,41472,2023-11-30 15:45:05 WIB
*3D94C,tcp,43.133.45.194:799,175.103.46.158:46578,175.103.46.158:46578,43.133.45.194:799,,established,,23h59m45s,,2,104,0,0,2,104,0,0,0,0,False,True,True,True,False,False,False,False,,,,2023-11-30 15:45:05 WIB
*3D94D,tcp,175.103.46.158:59277,103.107.198.66:6568,103.107.198.66:6568,175.103.46.158:59277,,established,,23h59m55s,,6,246,0,0,6,312,0,0,0,0,False,True,True,True,False,False,False,False,,,,2023-11-30 15:45:05 WIB
*3D94E,tcp,101.32.248.90:799,175.103.46.158:51038,175.103.46.158:51038,101.32.248.90:799,,established,,23h59m45s,,2,104,0,0,2,104,0,0,0,0,False,True,True,True,False,False,False,False,,,,2023-11-30 15:45:05 WIB
*3D94F,tcp,175.103.46.158:49726,192.53.174.79:4001,192.53.174.79:4001,175.103.46.158:49726,,established,,23h59m59s,speedtest.c,5,340,0,0,3,196,0,0,416,416,False,True,True,True,False,False,False,False,,,,2023-11-30 15:45:05 WIB
*3D950,tcp,101.32.248.90:799,175.103.46.158:50804,175.103.46.158:50804,101.32.248.90:799,,time-wait,,8s,,4,208,0,0,3,156,0,0,416,416,False,True,True,True,False,False,False,False,,,,2023-11-30 15:45:05 WIB
*3D951,tcp,43.128.74.37:799,175.103.46.158:43740,175.103.46.158:43740,43.128.74.37:799,,established,,23h59m45s,,2,104,0,0,2,104,0,0,0,0,False,True,True,True,False,False,False,False,,,,2023-11-30 15:45:05 WIB
*3D952,tcp,101.32.248.90:799,175.103.46.158:50966,175.103.46.158:50966,101.32.248.90:799,,established,,23h59m45s,,2,104,0,0,2,104,0,0,0,0,False,True,True,True,False,False,False,False,,,,2023-11-30 15:45:05 WIB
*3D953,tcp,175.103.46.158:46844,43.134.120.219:800,43.134.120.219:800,175.103.46.158:46844,,established,,23h59m59s,speedtest.c,8,1032,0,0,8,469,0,0,416,840,False,True,True,True,False,False,False,False,,,,2023-11-30 15:45:05 WIB
*3D954,tcp,43.133.45.194:799,175.103.46.158:41972,175.103.46.158:41972,43.133.45.194:799,,established,,23h59m46s,speedtest.c,4,240,0,0,4,296,0,0,0,0,False,True,True,True,False,False,False,False,,,,2023-11-30 15:45:05 WIB
*3D955,tcp,43.128.74.37:799,175.103.46.158:43764,175.103.46.158:43764,43.128.74.37:799,,established,,23h59m59s,,3,156,0,0,3,156,0,0,416,416,False,True,True,True,False,False,False,False,,,,2023-11-30 15:45:05 WIB
*3D956,tcp,175.103.46.158:48698,43.134.53.107:800,43.134.53.107:800,175.103.46.158:48698,,established,,23h59m59s,speedtest.c,7,980,0,0,7,364,0,0,1120,416,False,True,True,True,False,False,False,False,,,,2023-11-30 15:45:05 WIB
*3D957,tcp,43.128.74.37:799,175.103.46.158:43604,175.103.46.158:43604,43.128.74.37:799,,established,,23h59m45s,,2,104,0,0,2,104,0,0,0,0,False,True,True,True,False,False,False,False,,,,2023-11-30 15:45:05 WIB
*3D958,tcp,175.103.46.158:59154,157.240.235.60:443,157.240.235.60:443,175.103.46.158:59154,,established,,23h59m41s,speedtest.c,16,3467,0,0,18,5051,0,0,0,0,False,True,True,True,False,False,False,False,,,,2023-11-30 15:45:05 WIB
*3D959,tcp,43.133.45.194:799,175.103.46.158:46830,175.103.46.158:46830,43.133.45.194:799,,established,,23h59m50s,speedtest.c,4,240,0,0,4,250,0,0,0,0,False,True,True,True,False,False,False,False,,,,2023-11-30 15:45:05 WIB
*3D95A,tcp,175.103.46.158:60326,43.128.74.37:800,43.128.74.37:800,175.103.46.158:60326,,established,,23h59m55s,speedtest.c,9,996,0,0,9,648,0,0,0,0,False,True,True,True,False,False,False,False,,,,2023-11-30 15:45:05 WIB
*3D95B,tcp,43.133.45.194:799,175.103.46.158:42168,175.103.46.158:42168,43.133.45.194:799,,established,,23h59m50s,speedtest.c,4,240,0,0,4,249,0,0,0,0,False,True,True,True,False,False,False,False,,,,2023-11-30 15:45:05 WIB
*3D95D,tcp,175.103.46.158:54370,92.223.85.120:443,92.223.85.120:443,175.103.46.158:54370,,established,,23h59m51s,,3,123,0,0,3,156,0,0,0,0,False,True,True,True,False,False,False,False,,,,2023-11-30 15:45:05 WIB
*3D95F,tcp,43.133.45.194:799,175.103.46.158:46918,175.103.46.158:46918,43.133.45.194:799,,established,,23h59m46s,,2,104,0,0,2,104,0,0,0,0,False,True,True,True,False,False,False,False,,,,2023-11-30 15:45:05 WIB
*3D960,tcp,101.32.248.90:799,175.103.46.158:51346,175.103.46.158:51346,101.32.248.90:799,,established,,23h59m45s,,2,104,0,0,2,104,0,0,0,0,False,True,True,True,False,False,False,False,,,,2023-11-30 15:45:05 WIB
*3D961,tcp,175.103.46.158:62938,118.98.93.75:443,118.98.93.75:443,175.103.46.158:62938,,established,,1d20s,,1,41,0,0,0,0,0,0,0,0,False,False,False,True,False,False,False,False,,,,2023-11-30 15:45:05 WIB
*3D962,tcp,43.128.74.37:799,175.103.46.158:42824,175.103.46.158:42824,43.128.74.37:799,,established,,23h59m46s,,2,104,0,0,2,104,0,0,0,0,False,True,True,True,False,False,False,False,,,,2023-11-30 15:45:05 WIB
*3D964,tcp,43.133.45.194:799,175.103.46.158:46458,175.103.46.158:46458,43.133.45.194:799,,established,,23h59m47s,,2,104,0,0,2,104,0,0,0,0,False,True,True,True,False,False,False,False,,,,2023-11-30 15:45:05 WIB
*3D965,tcp,43.134.53.107:799,175.103.46.158:39112,175.103.46.158:39112,43.134.53.107:799,,established,,23h59m47s,,2,104,0,0,2,104,0,0,0,0,False,True,True,True,False,False,False,False,,,,2023-11-30 15:45:05 WIB
*3D966,tcp,101.32.248.90:799,175.103.46.158:50858,175.103.46.158:50858,101.32.248.90:799,,established,,23h59m47s,,2,104,0,0,2,104,0,0,0,0,False,True,True,True,False,False,False,False,,,,2023-11-30 15:45:05 WIB
*3D968,tcp,43.134.53.107:799,175.103.46.158:39416,175.103.46.158:39416,43.134.53.107:799,,established,,23h59m47s,,2,104,0,0,2,104,0,0,0,0,False,True,True,True,False,False,False,False,,,,2023-11-30 15:45:05 WIB
*3D969,tcp,43.133.45.194:799,175.103.46.158:46942,175.103.46.158:46942,43.133.45.194:799,,established,,23h59m46s,,2,104,0,0,2,104,0,0,0,0,False,True,True,True,False,False,False,False,,,,2023-11-30 15:45:05 WIB
*3D96A,tcp,175.103.46.158:51582,101.32.248.90:799,101.32.248.90:799,175.103.46.158:51582,,established,,23h59m54s,speedtest.c,40,18835,0,0,35,4980,0,0,0,0,False,True,True,True,False,False,False,False,,,,2023-11-30 15:45:05 WIB
*3D96B,tcp,175.103.46.158:57236,91.108.56.165:443,91.108.56.165:443,175.103.46.158:57236,,established,,23h59m54s,speedtest.c,40,5264,0,0,37,18644,0,0,0,0,False,True,True,True,False,False,False,False,,,,2023-11-30 15:45:05 WIB
*3D96C,tcp,43.128.74.37:799,175.103.46.158:43758,175.103.46.158:43758,43.128.74.37:799,,established,,23h59m47s,,2,104,0,0,2,104,0,0,0,0,False,True,True,True,False,False,False,False,,,,2023-11-30 15:45:05 WIB
*3D96D,tcp,92.223.85.54:80,175.103.46.158:62734,175.103.46.158:62734,92.223.85.54:80,,established,,23h59m56s,,4,172,0,0,4,161,0,0,0,0,False,True,True,True,False,False,False,False,,,,2023-11-30 15:45:05 WIB
*3D96E,tcp,43.133.45.194:799,175.103.46.158:46610,175.103.46.158:46610,43.133.45.194:799,,established,,23h59m51s,speedtest.c,3,156,0,0,3,202,0,0,0,0,False,True,True,True,False,False,False,False,,,,2023-11-30 15:45:05 WIB
*3D96F,tcp,43.134.53.107:799,175.103.46.158:39060,175.103.46.158:39060,43.134.53.107:799,,established,,23h59m47s,speedtest.c,4,240,0,0,4,250,0,0,0,0,False,True,True,True,False,False,False,False,,,,2023-11-30 15:45:05 WIB
*3D970,tcp,192.53.174.79:4001,175.103.46.158:60254,175.103.46.158:60254,192.53.174.79:4001,,established,,23h59m46s,speedtest.c,2,124,0,0,3,196,0,0,0,0,False,True,True,True,False,False,False,False,,,,2023-11-30 15:45:05 WIB
*3D971,tcp,175.103.46.158:60166,13.248.244.92:80,13.248.244.92:80,175.103.46.158:60166,,established,,23h59m32s,speedtest.c,5,1715,0,0,4,536,0,0,0,0,False,True,True,True,False,False,False,False,,,,2023-11-30 15:45:05 WIB
*3D973,tcp,101.32.248.90:799,175.103.46.158:51500,175.103.46.158:51500,101.32.248.90:799,,established,,23h59m48s,,2,104,0,0,2,104,0,0,0,0,False,True,True,True,False,False,False,False,,,,2023-11-30 15:45:05 WIB
*3D974,tcp,175.103.46.158:51586,101.32.248.90:799,101.32.248.90:799,175.103.46.158:51586,,established,,23h59m55s,speedtest.c,16,8109,0,0,15,1330,0,0,0,0,False,True,True,True,False,False,False,False,,,,2023-11-30 15:45:05 WIB
*3D975,tcp,43.133.45.194:799,175.103.46.158:42146,175.103.46.158:42146,43.133.45.194:799,,established,,23h59m47s,,2,104,0,0,2,104,0,0,0,0,False,True,True,True,False,False,False,False,,,,2023-11-30 15:45:05 WIB
*3D976,tcp,43.133.45.194:799,175.103.46.158:41566,175.103.46.158:41566,43.133.45.194:799,,established,,23h59m52s,speedtest.c,4,240,0,0,4,251,0,0,0,0,False,True,True,True,False,False,False,False,,,,2023-11-30 15:45:05 WIB
*3D978,tcp,43.134.53.107:799,175.103.46.158:39554,175.103.46.158:39554,43.134.53.107:799,,established,,23h59m48s,,2,104,0,0,2,104,0,0,0,0,False,True,True,True,False,False,False,False,,,,2023-11-30 15:45:05 WIB
*3D979,tcp,175.103.46.158:50668,64.233.170.188:5228,64.233.170.188:5228,175.103.46.158:50668,,established,,23h59m32s,,1,41,0,0,1,52,0,0,0,0,False,True,False,True,False,False,False,False,,,,2023-11-30 15:45:05 WIB
*3D97A,tcp,43.134.120.219:799,175.103.46.158:47148,175.103.46.158:47148,43.134.120.219:799,,established,,23h59m52s,speedtest.c,4,240,0,0,4,250,0,0,0,0,False,True,True,True,False,False,False,False,,,,2023-11-30 15:45:05 WIB
*3D97B,tcp,101.32.248.90:799,175.103.46.158:51498,175.103.46.158:51498,101.32.248.90:799,,established,,23h59m48s,,2,104,0,0,2,104,0,0,0,0,False,True,True,True,False,False,False,False,,,,2023-11-30 15:45:05 WIB
*3D97D,tcp,175.103.46.158:50289,188.172.208.136:5938,188.172.208.136:5938,175.103.46.158:50289,,established,,23h59m38s,speedtest.c,3,168,0,0,3,144,0,0,0,0,False,True,True,True,False,False,False,False,,,,2023-11-30 15:45:05 WIB
*3D97E,udp,175.103.46.158:62999,157.240.7.52:443,157.240.7.52:443,175.103.46.158:62999,,,,2m41s,speedtest.c,30,23524,0,0,11,1316,0,0,0,0,False,True,True,True,False,False,False,False,,,,2023-11-30 15:45:05 WIB
*3D980,tcp,43.128.74.37:799,175.103.46.158:42806,175.103.46.158:42806,43.128.74.37:799,,established,,23h59m48s,speedtest.c,4,240,0,0,4,250,0,0,0,0,False,True,True,True,False,False,False,False,,,,2023-11-30 15:45:05 WIB
*3D982,tcp,175.103.46.158:52961,64.233.170.95:443,64.233.170.95:443,175.103.46.158:52961,,established,,23h59m33s,speedtest.c,5,1275,0,0,4,1554,0,0,0,0,False,True,True,True,False,False,False,False,,,,2023-11-30 15:45:05 WIB
*3D983,tcp,43.128.74.37:799,175.103.46.158:43898,175.103.46.158:43898,43.128.74.37:799,,established,,23h59m53s,speedtest.c,4,240,0,0,4,249,0,0,0,0,False,True,True,True,False,False,False,False,,,,2023-11-30 15:45:05 WIB
*3D985,tcp,43.133.45.194:799,175.103.46.158:47032,175.103.46.158:47032,43.133.45.194:799,,established,,23h59m49s,,2,104,0,0,2,104,0,0,0,0,False,True,True,True,False,False,False,False,,,,2023-11-30 15:45:05 WIB
*3D986,tcp,43.133.45.194:799,175.103.46.158:41948,175.103.46.158:41948,43.133.45.194:799,,established,,23h59m48s,,2,104,0,0,2,104,0,0,0,0,False,True,True,True,False,False,False,False,,,,2023-11-30 15:45:05 WIB
*3D987,tcp,175.103.46.158:52960,64.233.170.95:443,64.233.170.95:443,175.103.46.158:52960,,established,,23h59m33s,speedtest.c,7,949,0,0,8,6183,0,0,0,0,False,True,True,True,False,False,False,False,,,,2023-11-30 15:45:05 WIB
*3D988,tcp,175.103.46.158:51694,8.219.89.234:80,8.219.89.234:80,175.103.46.158:51694,,established,,23h59m34s,speedtest.c,5,1063,0,0,3,1085,0,0,0,0,False,True,True,True,False,False,False,False,,,,2023-11-30 15:45:05 WIB
*3D989,tcp,43.133.45.194:799,175.103.46.158:41762,175.103.46.158:41762,43.133.45.194:799,,established,,23h59m49s,speedtest.c,4,240,0,0,4,251,0,0,0,0,False,True,True,True,False,False,False,False,,,,2023-11-30 15:45:05 WIB
*3D98A,tcp,43.133.45.194:799,175.103.46.158:46622,175.103.46.158:46622,43.133.45.194:799,,established,,23h59m53s,speedtest.c,4,240,0,0,4,251,0,0,0,0,False,True,True,True,False,False,False,False,,,,2023-11-30 15:45:05 WIB
*3D98B,tcp,101.32.248.90:799,175.103.46.158:51494,175.103.46.158:51494,101.32.248.90:799,,established,,23h59m49s,,2,104,0,0,2,104,0,0,0,0,False,True,True,True,False,False,False,False,,,,2023-11-30 15:45:05 WIB
*3D98C,tcp,175.103.46.158:52605,143.244.33.70:80,143.244.33.70:80,175.103.46.158:52605,,established,,23h59m53s,,4,163,0,0,4,196,0,0,0,0,False,True,True,True,False,False,False,False,,,,2023-11-30 15:45:05 WIB
*3D98E,tcp,175.103.46.158:52692,20.198.119.84:443,20.198.119.84:443,175.103.46.158:52692,,established,,23h59m34s,speedtest.c,2,154,0,0,1,215,0,0,0,0,False,True,True,True,False,False,False,False,,,,2023-11-30 15:45:05 WIB
*3D98F,tcp,175.103.46.158:63775,51.159.103.157:443,51.159.103.157:443,175.103.46.158:63775,,established,,23h59m35s,speedtest.c,2,109,0,0,2,160,0,0,0,0,False,True,True,True,False,False,False,False,,,,2023-11-30 15:45:05 WIB
*3D990,tcp,175.103.46.158:52963,64.233.170.95:443,64.233.170.95:443,175.103.46.158:52963,,established,,23h59m35s,speedtest.c,5,1339,0,0,4,1554,0,0,0,0,False,True,True,True,False,False,False,False,,,,2023-11-30 15:45:05 WIB
*3D991,tcp,175.103.46.158:50978,157.240.211.61:443,157.240.211.61:443,175.103.46.158:50978,,established,,23h59m35s,speedtest.c,2,136,0,0,2,145,0,0,0,0,False,True,True,True,False,False,False,False,,,,2023-11-30 15:45:05 WIB
*3D993,tcp,43.128.74.37:799,175.103.46.158:43876,175.103.46.158:43876,43.128.74.37:799,,established,,23h59m50s,,2,104,0,0,2,104,0,0,0,0,False,True,True,True,False,False,False,False,,,,2023-11-30 15:45:05 WIB
*3D994,tcp,175.103.46.158:46500,192.53.174.79:4001,192.53.174.79:4001,175.103.46.158:46500,,established,,23h59m50s,speedtest.c,3,196,0,0,2,124,0,0,0,0,False,True,True,True,False,False,False,False,,,,2023-11-30 15:45:05 WIB
*3D995,tcp,138.199.46.216:80,175.103.46.158:54131,175.103.46.158:54131,138.199.46.216:80,,established,,23h59m58s,,4,172,0,0,4,161,0,0,416,328,False,True,True,True,False,False,False,False,,,,2023-11-30 15:45:05 WIB
*3D997,tcp,175.103.46.158:57441,20.198.119.84:443,20.198.119.84:443,175.103.46.158:57441,,established,,23h59m34s,speedtest.c,2,180,0,0,1,211,0,0,0,0,False,True,True,True,False,False,False,False,,,,2023-11-30 15:45:05 WIB
*3D998,tcp,43.134.120.219:799,175.103.46.158:48044,175.103.46.158:48044,43.134.120.219:799,,established,,23h59m54s,speedtest.c,4,240,0,0,4,249,0,0,0,0,False,True,True,True,False,False,False,False,,,,2023-11-30 15:45:05 WIB
*3D99A,tcp,74.125.200.95:443,175.103.46.158:50276,175.103.46.158:50276,74.125.200.95:443,,last-ack,,0s,speedtest.c,9,1112,0,0,0,0,0,0,0,0,False,False,False,True,False,False,False,False,,,,2023-11-30 15:45:05 WIB
*3D99B,tcp,175.103.46.158:61967,31.13.95.40:443,31.13.95.40:443,175.103.46.158:61967,,established,,23h59m36s,speedtest.c,2,143,0,0,2,143,0,0,0,0,False,True,True,True,False,False,False,False,,,,2023-11-30 15:45:05 WIB
*3D99D,tcp,101.32.248.90:799,175.103.46.158:50820,175.103.46.158:50820,101.32.248.90:799,,established,,23h59m51s,,2,104,0,0,2,104,0,0,0,0,False,True,True,True,False,False,False,False,,,,2023-11-30 15:45:05 WIB
*3D9A0,tcp,43.134.53.107:799,175.103.46.158:39616,175.103.46.158:39616,43.134.53.107:799,,established,,23h59m51s,,2,104,0,0,2,104,0,0,0,0,False,True,True,True,False,False,False,False,,,,2023-11-30 15:45:05 WIB
*3D9A3,tcp,43.133.45.194:799,175.103.46.158:42026,175.103.46.158:42026,43.133.45.194:799,,established,,23h59m50s,,2,104,0,0,2,104,0,0,0,0,False,True,True,True,False,False,False,False,,,,2023-11-30 15:45:05 WIB
*3D9A4,tcp,43.134.120.219:799,175.103.46.158:48026,175.103.46.158:48026,43.134.120.219:799,,established,,23h59m55s,speedtest.c,4,240,0,0,4,249,0,0,0,0,False,True,True,True,False,False,False,False,,,,2023-11-30 15:45:05 WIB
*3D9A5,tcp,175.103.46.158:65103,92.223.85.147:80,92.223.85.147:80,175.103.46.158:65103,,established,,23h59m55s,,3,123,0,0,3,156,0,0,0,0,False,True,True,True,False,False,False,False,,,,2023-11-30 15:45:05 WIB
*3D9A6,tcp,101.32.248.90:799,175.103.46.158:51132,175.103.46.158:51132,101.32.248.90:799,,established,,23h59m50s,,2,104,0,0,2,104,0,0,0,0,False,True,True,True,False,False,False,False,,,,2023-11-30 15:45:05 WIB
*3D9A7,tcp,101.32.248.90:799,175.103.46.158:51108,175.103.46.158:51108,101.32.248.90:799,,established,,23h59m51s,,2,104,0,0,2,104,0,0,0,0,False,True,True,True,False,False,False,False,,,,2023-11-30 15:45:05 WIB
*3D9A8,tcp,101.32.248.90:799,175.103.46.158:51420,175.103.46.158:51420,101.32.248.90:799,,established,,23h59m50s,,2,104,0,0,2,104,0,0,0,0,False,True,True,True,False,False,False,False,,,,2023-11-30 15:45:05 WIB
*3D9A9,tcp,43.206.188.149:443,175.103.46.158:60533,175.103.46.158:60533,43.206.188.149:443,,established,,23h59m50s,speedtest.c,3,217,0,0,3,228,0,0,0,0,False,True,True,True,False,False,False,False,,,,2023-11-30 15:45:05 WIB
*3D9AB,tcp,175.103.46.158:63629,103.107.199.6:443,103.107.199.6:443,175.103.46.158:63629,,established,,23h59m57s,,5,203,0,0,5,236,0,0,0,0,False,True,True,True,False,False,False,False,,,,2023-11-30 15:45:05 WIB
*3D9AE,tcp,43.133.45.194:799,175.103.46.158:46772,175.103.46.158:46772,43.133.45.194:799,,established,,23h59m52s,,2,104,0,0,2,104,0,0,0,0,False,True,True,True,False,False,False,False,,,,2023-11-30 15:45:05 WIB
*3D9AF,tcp,43.134.120.219:799,175.103.46.158:48180,175.103.46.158:48180,43.134.120.219:799,,established,,23h59m51s,speedtest.c,4,245,0,0,4,250,0,0,0,0,False,True,True,True,False,False,False,False,,,,2023-11-30 15:45:05 WIB
*3D9B1,tcp,175.103.46.158:52544,157.240.211.61:443,157.240.211.61:443,175.103.46.158:52544,,established,,23h59m37s,speedtest.c,2,136,0,0,2,146,0,0,0,0,False,True,True,True,False,False,False,False,,,,2023-11-30 15:45:05 WIB
*3D9B2,tcp,175.103.46.158:60405,92.223.85.121:80,92.223.85.121:80,175.103.46.158:60405,,established,,23h59m57s,,4,163,0,0,4,196,0,0,0,0,False,True,True,True,False,False,False,False,,,,2023-11-30 15:45:05 WIB
*3D9B3,tcp,43.134.120.219:799,175.103.46.158:48184,175.103.46.158:48184,43.134.120.219:799,,established,,23h59m52s,speedtest.c,4,245,0,0,4,250,0,0,0,0,False,True,True,True,False,False,False,False,,,,2023-11-30 15:45:05 WIB
*3D9B4,tcp,175.103.46.158:50626,36.89.220.201:80,36.89.220.201:80,175.103.46.158:50626,,established,,23h59m37s,speedtest.c,5,780,0,0,5,746,0,0,0,0,False,True,True,True,False,False,False,False,,,,2023-11-30 15:45:05 WIB
*3D9B5,tcp,43.134.53.107:799,175.103.46.158:39512,175.103.46.158:39512,43.134.53.107:799,,established,,23h59m52s,speedtest.c,3,193,0,0,3,197,0,0,0,0,False,True,True,True,False,False,False,False,,,,2023-11-30 15:45:05 WIB
*3D9B6,tcp,101.32.248.90:799,175.103.46.158:51528,175.103.46.158:51528,101.32.248.90:799,,established,,23h59m53s,,2,104,0,0,2,104,0,0,0,0,False,True,True,True,False,False,False,False,,,,2023-11-30 15:45:05 WIB
*3D9B7,tcp,101.32.248.90:799,175.103.46.158:50988,175.103.46.158:50988,101.32.248.90:799,,established,,23h59m53s,,2,104,0,0,2,104,0,0,0,0,False,True,True,True,False,False,False,False,,,,2023-11-30 15:45:05 WIB
*3D9B8,tcp,43.134.120.219:799,175.103.46.158:47962,175.103.46.158:47962,43.134.120.219:799,,established,,23h59m53s,,2,104,0,0,2,104,0,0,0,0,False,True,True,True,False,False,False,False,,,,2023-11-30 15:45:05 WIB
*3D9BA,tcp,192.53.174.79:4001,175.103.46.158:41226,175.103.46.158:41226,192.53.174.79:4001,,established,,23h59m53s,speedtest.c,2,124,0,0,3,196,0,0,0,0,False,True,True,True,False,False,False,False,,,,2023-11-30 15:45:05 WIB
*3D9BB,tcp,43.133.45.194:799,175.103.46.158:46854,175.103.46.158:46854,43.133.45.194:799,,established,,23h59m53s,,2,104,0,0,2,104,0,0,0,0,False,True,True,True,False,False,False,False,,,,2023-11-30 15:45:05 WIB
*3D9BC,tcp,43.134.53.107:799,175.103.46.158:39422,175.103.46.158:39422,43.134.53.107:799,,established,,23h59m53s,,2,104,0,0,2,104,0,0,0,0,False,True,True,True,False,False,False,False,,,,2023-11-30 15:45:05 WIB
*3D9BD,tcp,157.240.218.61:5222,175.103.46.158:62887,175.103.46.158:62887,157.240.218.61:5222,,established,,23h59m56s,speedtest.c,6,632,0,0,6,505,0,0,0,0,False,True,True,True,False,False,False,False,,,,2023-11-30 15:45:05 WIB
*3D9BE,tcp,175.103.46.158:54562,157.240.13.55:443,157.240.13.55:443,175.103.46.158:54562,,established,,23h59m38s,speedtest.c,3,193,0,0,3,205,0,0,0,0,False,True,True,True,False,False,False,False,,,,2023-11-30 15:45:05 WIB
*3D9BF,tcp,175.103.46.158:51699,54.187.195.115:80,54.187.195.115:80,175.103.46.158:51699,,syn-sent,,0s,,4,208,0,0,0,0,0,0,0,0,False,False,False,True,False,False,False,False,,,,2023-11-30 15:45:05 WIB
*3D9C0,tcp,175.103.46.158:42124,31.13.77.61:443,31.13.77.61:443,175.103.46.158:42124,,established,,23h59m38s,speedtest.c,2,136,0,0,2,145,0,0,0,0,False,True,True,True,False,False,False,False,,,,2023-11-30 15:45:05 WIB
*3D9C1,tcp,3.216.157.50:7010,175.103.46.158:63331,175.103.46.158:63331,3.216.157.50:7010,,established,,23h59m38s,speedtest.c,2,111,0,0,1,75,0,0,0,0,False,True,True,True,False,False,False,False,,,,2023-11-30 15:45:05 WIB
*3D9C2,tcp,175.103.46.158:50878,157.240.211.61:443,157.240.211.61:443,175.103.46.158:50878,,established,,23h59m39s,speedtest.c,2,136,0,0,2,145,0,0,0,0,False,True,True,True,False,False,False,False,,,,2023-11-30 15:45:05 WIB
*3D9C3,tcp,101.32.248.90:799,175.103.46.158:51536,175.103.46.158:51536,101.32.248.90:799,,established,,23h59m55s,speedtest.c,4,245,0,0,4,250,0,0,0,0,False,True,True,True,False,False,False,False,,,,2023-11-30 15:45:05 WIB
*3D9C4,tcp,43.133.45.194:799,175.103.46.158:42160,175.103.46.158:42160,43.133.45.194:799,,established,,23h59m54s,,2,104,0,0,2,104,0,0,0,0,False,True,True,True,False,False,False,False,,,,2023-11-30 15:45:05 WIB
*3D9C5,tcp,43.133.45.194:799,175.103.46.158:42068,175.103.46.158:42068,43.133.45.194:799,,established,,23h59m55s,speedtest.c,3,188,0,0,3,197,0,0,0,0,False,True,True,True,False,False,False,False,,,,2023-11-30 15:45:05 WIB
*3D9C6,tcp,43.133.45.194:799,175.103.46.158:42048,175.103.46.158:42048,43.133.45.194:799,,established,,23h59m54s,speedtest.c,3,192,0,0,3,197,0,0,0,0,False,True,True,True,False,False,False,False,,,,2023-11-30 15:45:05 WIB
*3D9C7,tcp,43.134.53.107:799,175.103.46.158:39528,175.103.46.158:39528,43.134.53.107:799,,established,,23h59m54s,,2,104,0,0,2,104,0,0,0,0,False,True,True,True,False,False,False,False,,,,2023-11-30 15:45:05 WIB
*3D9C8,tcp,175.103.46.158:48274,157.240.13.55:443,157.240.13.55:443,175.103.46.158:48274,,established,,23h59m39s,speedtest.c,2,140,0,0,2,145,0,0,0,0,False,True,True,True,False,False,False,False,,,,2023-11-30 15:45:05 WIB
*3D9C9,tcp,175.103.46.158:52344,18.64.37.70:443,18.64.37.70:443,175.103.46.158:52344,,established,,23h59m39s,speedtest.c,15,1330,0,0,13,7918,0,0,0,0,False,True,True,True,False,False,False,False,,,,2023-11-30 15:45:05 WIB
*3D9CA,tcp,101.32.248.90:799,175.103.46.158:51532,175.103.46.158:51532,101.32.248.90:799,,established,,23h59m54s,speedtest.c,4,245,0,0,4,250,0,0,0,0,False,True,True,True,False,False,False,False,,,,2023-11-30 15:45:05 WIB
*3D9CB,tcp,192.53.174.79:4001,175.103.46.158:59542,175.103.46.158:59542,192.53.174.79:4001,,established,,23h59m54s,speedtest.c,2,124,0,0,3,196,0,0,0,0,False,True,True,True,False,False,False,False,,,,2023-11-30 15:45:05 WIB
*3D9CD,tcp,43.134.120.219:799,175.103.46.158:48204,175.103.46.158:48204,43.134.120.219:799,,established,,23h59m54s,,2,104,0,0,2,104,0,0,0,0,False,True,True,True,False,False,False,False,,,,2023-11-30 15:45:05 WIB
*3D9CE,tcp,175.103.46.158:55658,157.240.211.61:443,157.240.211.61:443,175.103.46.158:55658,,established,,23h59m39s,speedtest.c,3,193,0,0,3,198,0,0,0,0,False,True,True,True,False,False,False,False,,,,2023-11-30 15:45:05 WIB
*3D9D0,tcp,175.103.46.158:55662,157.240.211.61:443,157.240.211.61:443,175.103.46.158:55662,,established,,23h59m39s,speedtest.c,3,193,0,0,3,198,0,0,0,0,False,True,True,True,False,False,False,False,,,,2023-11-30 15:45:05 WIB
*3D9D3,tcp,43.134.53.107:799,175.103.46.158:39318,175.103.46.158:39318,43.134.53.107:799,,established,,23h59m55s,,2,104,0,0,2,104,0,0,0,0,False,True,True,True,False,False,False,False,,,,2023-11-30 15:45:05 WIB
*3D9D4,tcp,175.103.46.158:52781,20.198.119.84:443,20.198.119.84:443,175.103.46.158:52781,,established,,23h59m40s,speedtest.c,2,181,0,0,1,211,0,0,0,0,False,True,True,True,False,False,False,False,,,,2023-11-30 15:45:05 WIB
*3D9D5,tcp,175.103.46.158:49824,157.240.199.61:443,157.240.199.61:443,175.103.46.158:49824,,established,,23h59m40s,speedtest.c,2,136,0,0,2,145,0,0,0,0,False,True,True,True,False,False,False,False,,,,2023-11-30 15:45:05 WIB
*3D9D6,tcp,43.133.45.194:799,175.103.46.158:46702,175.103.46.158:46702,43.133.45.194:799,,established,,23h59m54s,,2,104,0,0,2,104,0,0,0,0,False,True,True,True,False,False,False,False,,,,2023-11-30 15:45:05 WIB
*3D9D9,tcp,175.103.46.158:36630,23.106.127.34:443,23.106.127.34:443,175.103.46.158:36630,,established,,23h59m55s,speedtest.c,12,5528,0,0,10,1153,0,0,0,0,False,True,True,True,False,False,False,False,,,,2023-11-30 15:45:05 WIB
*3D9DB,tcp,43.133.45.194:799,175.103.46.158:46902,175.103.46.158:46902,43.133.45.194:799,,established,,23h59m55s,,2,104,0,0,2,104,0,0,0,0,False,True,True,True,False,False,False,False,,,,2023-11-30 15:45:05 WIB
*3D9DD,tcp,43.133.45.194:799,175.103.46.158:41678,175.103.46.158:41678,43.133.45.194:799,,established,,23h59m55s,speedtest.c,3,193,0,0,3,197,0,0,0,0,False,True,True,True,False,False,False,False,,,,2023-11-30 15:45:05 WIB
*3D9DE,tcp,43.134.53.107:799,175.103.46.158:39570,175.103.46.158:39570,43.134.53.107:799,,established,,23h59m56s,,2,104,0,0,2,104,0,0,0,0,False,True,True,True,False,False,False,False,,,,2023-11-30 15:45:05 WIB
*3D9DF,udp,175.103.46.158:51714,216.239.38.120:443,216.239.38.120:443,175.103.46.158:51714,,,,2m41s,speedtest.c,5,1605,0,0,5,2498,0,0,0,0,False,True,True,True,False,False,False,False,,,,2023-11-30 15:45:05 WIB
*3D9E0,tcp,43.128.74.37:799,175.103.46.158:43838,175.103.46.158:43838,43.128.74.37:799,,established,,23h59m56s,,2,104,0,0,2,104,0,0,0,0,False,True,True,True,False,False,False,False,,,,2023-11-30 15:45:05 WIB
*3D9E1,tcp,101.32.248.90:799,175.103.46.158:51142,175.103.46.158:51142,101.32.248.90:799,,established,,23h59m55s,speedtest.c,3,188,0,0,3,198,0,0,0,0,False,True,True,True,False,False,False,False,,,,2023-11-30 15:45:05 WIB
*3D9E2,tcp,18.163.242.58:23008,175.103.46.158:49458,175.103.46.158:49458,18.163.242.58:23008,,established,,23h59m41s,speedtest.c,2,136,0,0,1,84,0,0,0,0,False,True,True,True,False,False,False,False,,,,2023-11-30 15:45:05 WIB
*3D9E4,tcp,175.103.46.158:54388,66.90.98.108:80,66.90.98.108:80,175.103.46.158:54388,,close,,7s,speedtest.c,1004,58388,0,0,1465,2115420,0,0,0,0,False,True,True,True,False,False,False,False,,,,2023-11-30 15:45:05 WIB
*3D9E5,tcp,43.134.53.107:799,175.103.46.158:39392,175.103.46.158:39392,43.134.53.107:799,,established,,23h59m57s,,2,104,0,0,2,104,0,0,0,0,False,True,True,True,False,False,False,False,,,,2023-11-30 15:45:05 WIB
*3D9E7,tcp,43.134.53.107:799,175.103.46.158:39064,175.103.46.158:39064,43.134.53.107:799,,established,,23h59m57s,speedtest.c,3,193,0,0,3,197,0,0,0,0,False,True,True,True,False,False,False,False,,,,2023-11-30 15:45:05 WIB
*3D9E8,tcp,101.32.248.90:799,175.103.46.158:51170,175.103.46.158:51170,101.32.248.90:799,,established,,23h59m56s,,2,104,0,0,2,104,0,0,0,0,False,True,True,True,False,False,False,False,,,,2023-11-30 15:45:05 WIB
*3D9E9,tcp,175.103.46.158:52967,64.233.170.95:443,64.233.170.95:443,175.103.46.158:52967,,established,,23h59m42s,speedtest.c,5,1275,0,0,4,1554,0,0,0,0,False,True,True,True,False,False,False,False,,,,2023-11-30 15:45:05 WIB
*3D9EA,tcp,175.103.46.158:34932,157.240.217.61:443,157.240.217.61:443,175.103.46.158:34932,,established,,23h59m42s,speedtest.c,2,141,0,0,2,145,0,0,0,0,False,True,True,True,False,False,False,False,,,,2023-11-30 15:45:05 WIB
*3D9EB,tcp,43.134.53.107:799,175.103.46.158:39548,175.103.46.158:39548,43.134.53.107:799,,established,,23h59m57s,,2,104,0,0,2,104,0,0,0,0,False,True,True,True,False,False,False,False,,,,2023-11-30 15:45:05 WIB
*3D9EF,tcp,20.50.201.200:443,175.103.46.158:52014,175.103.46.158:52014,20.50.201.200:443,,established,,1d20s,,1,40,0,0,0,0,0,0,0,0,False,False,False,True,False,False,False,False,,,,2023-11-30 15:45:05 WIB
*3D9F2,tcp,43.134.53.107:799,175.103.46.158:39474,175.103.46.158:39474,43.134.53.107:799,,established,,23h59m57s,,2,104,0,0,2,104,0,0,0,0,False,True,True,True,False,False,False,False,,,,2023-11-30 15:45:05 WIB
*3D9F5,udp,175.103.46.158:50828,40.81.120.44:3544,40.81.120.44:3544,175.103.46.158:50828,,,,2m47s,speedtest.c,4,329,0,0,1,137,0,0,0,0,False,True,True,True,False,False,False,False,,,,2023-11-30 15:45:05 WIB
*3D9F6,tcp,175.103.46.158:62457,36.89.220.114:80,36.89.220.114:80,175.103.46.158:62457,,established,,1d20s,,1,40,0,0,0,0,0,0,0,0,False,False,False,True,False,False,False,False,,,,2023-11-30 15:45:05 WIB
*3D9F7,tcp,43.128.74.37:799,175.103.46.158:43962,175.103.46.158:43962,43.128.74.37:799,,established,,23h59m58s,,2,104,0,0,2,104,0,0,416,416,False,True,True,True,False,False,False,False,,,,2023-11-30 15:45:05 WIB
*3D9F9,tcp,175.103.46.158:56488,157.240.235.61:443,157.240.235.61:443,175.103.46.158:56488,,established,,23h59m43s,speedtest.c,2,141,0,0,2,145,0,0,0,0,False,True,True,True,False,False,False,False,,,,2023-11-30 15:45:05 WIB
*3D9FA,tcp,175.103.46.158:58335,40.126.35.150:443,40.126.35.150:443,175.103.46.158:58335,,established,,23h59m43s,speedtest.c,5,512,0,0,4,4130,0,0,0,0,False,True,True,True,False,False,False,False,,,,2023-11-30 15:45:05 WIB
*3D9FB,tcp,175.103.46.158:49315,52.184.217.37:443,52.184.217.37:443,175.103.46.158:49315,,established,,23h59m45s,speedtest.c,11,1768,0,0,9,3473,0,0,0,0,False,True,True,True,False,False,False,False,,,,2023-11-30 15:45:05 WIB
*3D9FF,tcp,218.92.0.101:47088,175.103.46.158:22,175.103.46.158:22,218.92.0.101:47088,,established,,4m46s,speedtest.c,5,1139,0,0,2,145,0,0,0,0,False,True,True,True,False,False,False,False,,,,2023-11-30 15:45:05 WIB
*3DA00,tcp,175.103.46.158:63566,64.233.170.188:5228,64.233.170.188:5228,175.103.46.158:63566,,established,,23h59m45s,,1,41,0,0,1,52,0,0,0,0,False,True,False,True,False,False,False,False,,,,2023-11-30 15:45:05 WIB
*3DA03,tcp,175.103.46.158:63003,157.240.217.2:443,157.240.217.2:443,175.103.46.158:63003,,established,,23h59m45s,speedtest.c,2,143,0,0,1,91,0,0,0,0,False,True,True,True,False,False,False,False,,,,2023-11-30 15:45:05 WIB
*3DA04,tcp,185.142.236.38:26200,175.103.46.159:3952,175.103.46.159:3952,185.142.236.38:26200,,syn-sent,,1s,,1,44,0,0,0,0,0,0,0,0,False,False,False,True,False,False,False,False,,,,2023-11-30 15:45:05 WIB
*3DA05,tcp,74.125.24.95:443,175.103.46.158:63105,175.103.46.158:63105,74.125.24.95:443,,close-wait,,1s,speedtest.c,3,285,0,0,3,156,0,0,0,0,False,True,True,True,False,False,False,False,,,,2023-11-30 15:45:05 WIB
*3DA06,tcp,175.103.46.158:48124,23.106.127.34:443,23.106.127.34:443,175.103.46.158:48124,,close,,7s,speedtest.c,10,2844,0,0,8,1173,0,0,0,0,False,True,True,True,False,False,False,False,,,,2023-11-30 15:45:05 WIB
*3DA07,tcp,175.103.46.158:60026,13.251.96.96:443,13.251.96.96:443,175.103.46.158:60026,,established,,23h59m57s,speedtest.c,10,1786,0,0,9,1954,0,0,0,0,False,True,True,True,False,False,False,False,,,,2023-11-30 15:45:05 WIB
*3DA08,tcp,18.163.242.58:23015,175.103.46.158:51830,175.103.46.158:51830,18.163.242.58:23015,,established,,23h59m46s,speedtest.c,2,136,0,0,1,84,0,0,0,0,False,True,True,True,False,False,False,False,,,,2023-11-30 15:45:05 WIB
*3DA09,tcp,175.103.46.158:55052,157.240.211.61:443,157.240.211.61:443,175.103.46.158:55052,,established,,23h59m46s,speedtest.c,2,136,0,0,2,147,0,0,0,0,False,True,True,True,False,False,False,False,,,,2023-11-30 15:45:05 WIB
*3DA0B,tcp,175.103.46.158:65143,213.227.167.133:5938,213.227.167.133:5938,175.103.46.158:65143,,established,,23h59m52s,speedtest.c,3,168,0,0,3,144,0,0,0,0,False,True,True,True,False,False,False,False,,,,2023-11-30 15:45:05 WIB
*3DA0C,tcp,175.103.46.158:63040,31.13.95.9:443,31.13.95.9:443,175.103.46.158:63040,,established,,23h59m46s,speedtest.c,2,143,0,0,1,91,0,0,0,0,False,True,True,True,False,False,False,False,,,,2023-11-30 15:45:05 WIB
*3DA0D,tcp,15.197.193.114:443,175.103.46.158:63368,175.103.46.158:63368,15.197.193.114:443,,established,,23h59m46s,speedtest.c,2,111,0,0,1,75,0,0,0,0,False,True,True,True,False,False,False,False,,,,2023-11-30 15:45:05 WIB
*3DA0E,tcp,175.103.46.158:58268,172.232.251.34:2000,172.232.251.34:2000,175.103.46.158:58268,,established,,23h59m46s,speedtest.c,4,256,0,0,1,68,0,0,0,0,False,True,True,True,False,False,False,False,,,,2023-11-30 15:45:05 WIB
*3DA0F,tcp,175.103.46.158:54019,20.198.119.143:443,20.198.119.143:443,175.103.46.158:54019,,established,,23h59m47s,speedtest.c,2,154,0,0,1,215,0,0,0,0,False,True,True,True,False,False,False,False,,,,2023-11-30 15:45:05 WIB
*3DA10,tcp,175.103.46.158:63016,91.108.56.139:443,91.108.56.139:443,175.103.46.158:63016,,established,,23h59m47s,speedtest.c,2,241,0,0,1,141,0,0,0,0,False,True,True,True,False,False,False,False,,,,2023-11-30 15:45:05 WIB
*3DA11,udp,175.103.46.158:49664,216.239.38.120:443,216.239.38.120:443,175.103.46.158:49664,,,,2m47s,speedtest.c,5,1610,0,0,5,2498,0,0,0,0,False,True,True,True,False,False,False,False,,,,2023-11-30 15:45:05 WIB
*3DA12,tcp,175.103.46.158:58026,157.240.211.61:443,157.240.211.61:443,175.103.46.158:58026,,established,,23h59m47s,speedtest.c,2,136,0,0,2,145,0,0,0,0,False,True,True,True,False,False,False,False,,,,2023-11-30 15:45:05 WIB
*3DA14,tcp,175.103.46.158:52972,64.233.170.95:443,64.233.170.95:443,175.103.46.158:52972,,established,,23h59m47s,speedtest.c,19,1982,0,0,19,12711,0,0,0,0,False,True,True,True,False,False,False,False,,,,2023-11-30 15:45:05 WIB
*3DA15,tcp,175.103.46.158:52975,64.233.170.95:443,64.233.170.95:443,175.103.46.158:52975,,established,,23h59m47s,speedtest.c,5,1349,0,0,4,1569,0,0,0,0,False,True,True,True,False,False,False,False,,,,2023-11-30 15:45:05 WIB
*3DA16,tcp,175.103.46.158:49517,20.198.119.143:443,20.198.119.143:443,175.103.46.158:49517,,established,,23h59m47s,speedtest.c,2,183,0,0,1,213,0,0,0,0,False,True,True,True,False,False,False,False,,,,2023-11-30 15:45:05 WIB
*3DA19,tcp,175.103.46.158:51701,54.187.195.115:80,54.187.195.115:80,175.103.46.158:51701,,syn-sent,,10s,,4,208,0,0,0,0,0,0,0,0,False,False,False,True,False,False,False,False,,,,2023-11-30 15:45:05 WIB
*3DA1A,tcp,31.13.68.60:443,175.103.46.158:57626,175.103.46.158:57626,31.13.68.60:443,,last-ack,,5s,speedtest.c,9,633,0,0,0,0,0,0,0,0,False,False,False,True,False,False,False,False,,,,2023-11-30 15:45:05 WIB
*3DA1C,tcp,24.199.86.58:443,175.103.46.158:63377,175.103.46.158:63377,24.199.86.58:443,,established,,23h59m49s,speedtest.c,3,163,0,0,2,150,0,0,0,0,False,True,True,True,False,False,False,False,,,,2023-11-30 15:45:05 WIB
*3DA1D,tcp,175.103.46.158:49535,20.198.119.84:443,20.198.119.84:443,175.103.46.158:49535,,established,,23h59m48s,,1,41,0,0,1,52,0,0,0,0,False,True,False,True,False,False,False,False,,,,2023-11-30 15:45:05 WIB
*3DA1E,tcp,175.103.46.158:58289,52.168.112.66:443,52.168.112.66:443,175.103.46.158:58289,,established,,1d20s,,1,40,0,0,0,0,0,0,0,0,False,False,False,True,False,False,False,False,,,,2023-11-30 15:45:05 WIB
*3DA20,tcp,18.163.242.58:23002,175.103.46.158:50160,175.103.46.158:50160,18.163.242.58:23002,,established,,23h59m49s,speedtest.c,2,136,0,0,1,84,0,0,0,0,False,True,True,True,False,False,False,False,,,,2023-11-30 15:45:05 WIB
*3DA21,tcp,175.103.46.158:50572,157.240.211.61:443,157.240.211.61:443,175.103.46.158:50572,,established,,23h59m49s,speedtest.c,2,136,0,0,2,147,0,0,0,0,False,True,True,True,False,False,False,False,,,,2023-11-30 15:45:05 WIB
*3DA22,tcp,155.138.243.251:443,175.103.46.158:63376,175.103.46.158:63376,155.138.243.251:443,,established,,23h59m49s,speedtest.c,2,111,0,0,1,75,0,0,0,0,False,True,True,True,False,False,False,False,,,,2023-11-30 15:45:05 WIB
*3DA25,udp,146.196.111.212:5678,255.255.255.255:5678,255.255.255.255:5678,146.196.111.212:5678,,,,0s,speedtest.c,1,175,0,0,0,0,0,0,0,0,False,False,False,True,False,False,False,False,,,,2023-11-30 15:45:05 WIB
*3DA26,tcp,8.8.8.8:443,175.103.46.158:63102,175.103.46.158:63102,8.8.8.8:443,,time-wait,,0s,speedtest.c,2,177,0,0,2,104,0,0,0,0,False,True,False,True,False,False,False,False,,,,2023-11-30 15:45:05 WIB
*3DA27,tcp,175.103.46.158:54424,149.154.175.59:443,149.154.175.59:443,175.103.46.158:54424,,time-wait,,0s,,4,216,0,0,2,112,0,0,0,0,False,True,True,True,False,False,False,False,,,,2023-11-30 15:45:05 WIB
*3DA28,tcp,175.103.46.158:59314,142.250.190.3:443,142.250.190.3:443,175.103.46.158:59314,,established,,23h59m54s,speedtest.c,12,1745,0,0,10,5831,0,0,0,0,False,True,True,True,False,False,False,False,,,,2023-11-30 15:45:05 WIB
*3DA29,tcp,175.103.46.158:63009,31.13.95.9:443,31.13.95.9:443,175.103.46.158:63009,,established,,23h59m50s,speedtest.c,2,143,0,0,2,143,0,0,0,0,False,True,True,True,False,False,False,False,,,,2023-11-30 15:45:05 WIB
*3DA2B,tcp,175.103.46.158:44104,43.128.74.37:799,43.128.74.37:799,175.103.46.158:44104,,time-wait,,0s,speedtest.c,5,303,0,0,4,216,0,0,0,0,False,True,True,True,False,False,False,False,,,,2023-11-30 15:45:05 WIB
*3DA2C,tcp,175.103.46.158:57209,157.240.217.60:443,157.240.217.60:443,175.103.46.158:57209,,established,,23h59m50s,speedtest.c,2,150,0,0,2,152,0,0,0,0,False,True,True,True,False,False,False,False,,,,2023-11-30 15:45:05 WIB
*3DA2D,tcp,175.103.46.158:49779,157.240.217.60:443,157.240.217.60:443,175.103.46.158:49779,,established,,23h59m51s,speedtest.c,2,150,0,0,2,152,0,0,0,0,False,True,True,True,False,False,False,False,,,,2023-11-30 15:45:05 WIB
*3DA2E,tcp,13.215.226.145:443,175.103.46.158:44354,175.103.46.158:44354,13.215.226.145:443,,established,,23h59m49s,,1,40,0,0,1,40,0,0,0,0,False,True,False,True,False,False,False,False,,,,2023-11-30 15:45:05 WIB
*3DA2F,tcp,175.103.46.158:52160,157.240.211.61:443,157.240.211.61:443,175.103.46.158:52160,,established,,23h59m50s,speedtest.c,2,136,0,0,2,146,0,0,0,0,False,True,True,True,False,False,False,False,,,,2023-11-30 15:45:05 WIB
*3DA30,tcp,74.125.24.101:443,175.103.46.158:63107,175.103.46.158:63107,74.125.24.101:443,,time-wait,,1s,speedtest.c,2,177,0,0,2,104,0,0,0,0,False,True,False,True,False,False,False,False,,,,2023-11-30 15:45:05 WIB
*3DA31,udp,10.20.30.163:39601,255.255.255.255:10002,255.255.255.255:10002,10.20.30.163:39601,,,,1s,speedtest.c,1,216,0,0,0,0,0,0,0,0,False,False,False,True,False,False,False,False,,,,2023-11-30 15:45:05 WIB
*3DA32,tcp,193.163.125.102:51571,175.103.46.159:54322,175.103.46.159:54322,193.163.125.102:51571,,syn-sent,,5s,,1,44,0,0,0,0,0,0,0,0,False,False,False,True,False,False,False,False,,,,2023-11-30 15:45:05 WIB
*3DA33,tcp,175.103.46.158:46184,142.250.4.138:443,142.250.4.138:443,175.103.46.158:46184,,established,,23h59m55s,speedtest.c,19,2734,0,0,20,9931,0,0,0,0,False,True,True,True,False,False,False,False,,,,2023-11-30 15:45:05 WIB
*3DA34,udp,10.20.30.114:50948,255.255.255.255:10002,255.255.255.255:10002,10.20.30.114:50948,,,,1s,speedtest.c,1,195,0,0,0,0,0,0,0,0,False,False,False,True,False,False,False,False,,,,2023-11-30 15:45:05 WIB
*3DA35,udp,175.103.46.158:63108,71.18.36.225:443,71.18.36.225:443,175.103.46.158:63108,,,,1s,speedtest.c,1,51,0,0,1,58,0,0,0,0,False,True,False,True,False,False,False,False,,,,2023-11-30 15:45:05 WIB
*3DA36,udp,175.103.46.158:44262,142.250.4.138:443,142.250.4.138:443,175.103.46.158:44262,,,,1s,speedtest.c,1,1378,0,0,1,54,0,0,0,0,False,True,False,True,False,False,False,False,,,,2023-11-30 15:45:05 WIB
*3DA37,tcp,130.44.212.234:443,175.103.46.158:62760,175.103.46.158:62760,130.44.212.234:443,,established,,23h59m51s,speedtest.c,2,128,0,0,1,80,0,0,0,0,False,True,True,True,False,False,False,False,,,,2023-11-30 15:45:05 WIB
*3DA38,tcp,175.103.46.158:44212,31.13.68.61:443,31.13.68.61:443,175.103.46.158:44212,,established,,23h59m52s,speedtest.c,2,141,0,0,2,145,0,0,0,0,False,True,True,True,False,False,False,False,,,,2023-11-30 15:45:05 WIB
*3DA39,tcp,157.240.211.61:443,175.103.46.158:51940,175.103.46.158:51940,157.240.211.61:443,,established,,23h59m51s,speedtest.c,1,98,0,0,1,52,0,0,0,0,False,True,False,True,False,False,False,False,,,,2023-11-30 15:45:05 WIB
*3DA3A,tcp,175.103.46.158:53576,157.240.211.61:443,157.240.211.61:443,175.103.46.158:53576,,established,,23h59m51s,speedtest.c,3,193,0,0,3,198,0,0,0,0,False,True,True,True,False,False,False,False,,,,2023-11-30 15:45:05 WIB
*3DA3B,tcp,74.125.200.95:443,175.103.46.158:58247,175.103.46.158:58247,74.125.200.95:443,,last-ack,,8s,speedtest.c,8,943,0,0,0,0,0,0,768,0,False,False,False,True,False,False,False,False,,,,2023-11-30 15:45:05 WIB
*3DA3C,tcp,175.103.46.158:53580,157.240.211.61:443,157.240.211.61:443,175.103.46.158:53580,,established,,23h59m52s,speedtest.c,3,193,0,0,3,198,0,0,0,0,False,True,True,True,False,False,False,False,,,,2023-11-30 15:45:05 WIB
*3DA3D,tcp,175.103.46.158:62974,36.89.220.200:443,36.89.220.200:443,175.103.46.158:62974,,established,,23h59m52s,speedtest.c,9,1793,0,0,12,1458,0,0,0,0,False,True,True,True,False,False,False,False,,,,2023-11-30 15:45:05 WIB
*3DA3E,tcp,175.103.46.158:53505,23.216.158.194:443,23.216.158.194:443,175.103.46.158:53505,,established,,23h59m51s,speedtest.c,7,813,0,0,11,7325,0,0,0,0,False,True,True,True,False,False,False,False,,,,2023-11-30 15:45:05 WIB
*3DA3F,udp,175.103.46.158:49324,74.125.68.91:443,74.125.68.91:443,175.103.46.158:49324,,,,2m57s,speedtest.c,3,3834,0,0,3,3834,0,0,0,0,False,True,True,True,False,False,False,False,,,,2023-11-30 15:45:05 WIB
*3DA40,tcp,175.103.46.158:36228,157.240.218.35:443,157.240.218.35:443,175.103.46.158:36228,,close,,7s,speedtest.c,16,2550,0,0,14,7696,0,0,0,0,False,True,True,True,False,False,False,False,,,,2023-11-30 15:45:05 WIB
*3DA41,tcp,175.103.46.158:50376,157.240.211.61:443,157.240.211.61:443,175.103.46.158:50376,,established,,23h59m52s,speedtest.c,2,136,0,0,2,147,0,0,0,0,False,True,True,True,False,False,False,False,,,,2023-11-30 15:45:05 WIB
*3DA42,udp,175.103.46.158:5678,8.8.8.8:53,8.8.8.8:53,175.103.46.158:5678,,,,2s,speedtest.c,1,64,0,0,1,80,0,0,0,0,False,True,False,True,False,False,False,False,,,,2023-11-30 15:45:05 WIB
*3DA43,tcp,175.103.46.158:52976,64.233.170.95:443,64.233.170.95:443,175.103.46.158:52976,,established,,23h59m52s,speedtest.c,5,1339,0,0,4,1554,0,0,0,0,False,True,True,True,False,False,False,False,,,,2023-11-30 15:45:05 WIB
*3DA44,udp,175.103.46.158:47114,51.81.245.139:25,51.81.245.139:25,175.103.46.158:47114,,,,2m52s,speedtest.c,1,86,0,0,2,126,0,0,0,0,False,True,True,True,False,False,False,False,,,,2023-11-30 15:45:05 WIB
*3DA45,udp,10.20.30.123:54245,255.255.255.255:10002,255.255.255.255:10002,10.20.30.123:54245,,,,2s,speedtest.c,1,212,0,0,0,0,0,0,0,0,False,False,False,True,False,False,False,False,,,,2023-11-30 15:45:05 WIB
*3DA46,tcp,175.103.46.158:50622,91.92.248.9:443,91.92.248.9:443,175.103.46.158:50622,,established,,23h59m52s,speedtest.c,2,186,0,0,1,135,0,0,0,0,False,True,True,True,False,False,False,False,,,,2023-11-30 15:45:05 WIB
*3DA47,tcp,64.176.80.9:443,175.103.46.158:63375,175.103.46.158:63375,64.176.80.9:443,,established,,23h59m52s,speedtest.c,2,111,0,0,1,75,0,0,0,0,False,True,True,True,False,False,False,False,,,,2023-11-30 15:45:05 WIB
*3DA48,tcp,175.103.46.158:44108,43.128.74.37:799,43.128.74.37:799,175.103.46.158:44108,,time-wait,,5s,speedtest.c,12,3893,0,0,12,2390,0,0,0,0,False,True,True,True,False,False,False,False,,,,2023-11-30 15:45:05 WIB
*3DA49,tcp,175.103.46.158:57426,157.240.199.61:443,157.240.199.61:443,175.103.46.158:57426,,established,,23h59m53s,speedtest.c,2,136,0,0,2,147,0,0,0,0,False,True,True,True,False,False,False,False,,,,2023-11-30 15:45:05 WIB
*3DA4A,tcp,3.216.157.50:7010,175.103.46.158:63395,175.103.46.158:63395,3.216.157.50:7010,,established,,23h59m53s,speedtest.c,2,111,0,0,1,75,0,0,0,0,False,True,True,True,False,False,False,False,,,,2023-11-30 15:45:05 WIB
*3DA4B,tcp,175.103.46.158:49417,74.125.24.94:443,74.125.24.94:443,175.103.46.158:49417,,established,,23h59m53s,speedtest.c,13,2329,0,0,10,2764,0,0,0,0,False,True,True,True,False,False,False,False,,,,2023-11-30 15:45:05 WIB
*3DA4C,tcp,175.103.46.158:52306,157.240.211.61:443,157.240.211.61:443,175.103.46.158:52306,,established,,23h59m55s,speedtest.c,29,3503,0,0,33,7565,0,0,0,0,False,True,True,True,False,False,False,False,,,,2023-11-30 15:45:05 WIB
*3DA4D,udp,175.103.46.158:63063,31.13.95.13:443,31.13.95.13:443,175.103.46.158:63063,,,,3s,speedtest.c,1,58,0,0,1,76,0,0,0,0,False,True,False,True,False,False,False,False,,,,2023-11-30 15:45:05 WIB
*3DA4E,tcp,175.103.46.158:49436,20.198.119.84:443,20.198.119.84:443,175.103.46.158:49436,,established,,23h59m54s,,1,41,0,0,1,52,0,0,0,0,False,True,False,True,False,False,False,False,,,,2023-11-30 15:45:05 WIB
*3DA4F,tcp,175.103.46.158:50497,20.198.119.84:443,20.198.119.84:443,175.103.46.158:50497,,established,,23h59m54s,,1,41,0,0,1,52,0,0,0,0,False,True,False,True,False,False,False,False,,,,2023-11-30 15:45:05 WIB
*3DA50,udp,10.20.30.162:52944,255.255.255.255:10002,255.255.255.255:10002,10.20.30.162:52944,,,,4s,speedtest.c,1,203,0,0,0,0,0,0,0,0,False,False,False,True,False,False,False,False,,,,2023-11-30 15:45:05 WIB
*3DA51,udp,175.103.46.158:41914,51.81.245.139:25,51.81.245.139:25,175.103.46.158:41914,,,,2m54s,speedtest.c,1,86,0,0,2,126,0,0,0,0,False,True,True,True,False,False,False,False,,,,2023-11-30 15:45:05 WIB
*3DA52,tcp,175.103.46.158:52164,157.240.211.61:443,157.240.211.61:443,175.103.46.158:52164,,established,,23h59m54s,speedtest.c,2,136,0,0,2,147,0,0,0,0,False,True,True,True,False,False,False,False,,,,2023-11-30 15:45:05 WIB
*3DA53,tcp,175.103.46.158:49842,157.240.199.61:443,157.240.199.61:443,175.103.46.158:49842,,established,,23h59m54s,speedtest.c,2,136,0,0,2,145,0,0,0,0,False,True,True,True,False,False,False,False,,,,2023-11-30 15:45:05 WIB
*3DA54,udp,10.20.30.90:49052,255.255.255.255:10002,255.255.255.255:10002,10.20.30.90:49052,,,,4s,speedtest.c,1,194,0,0,0,0,0,0,0,0,False,False,False,True,False,False,False,False,,,,2023-11-30 15:45:05 WIB
*3DA55,tcp,175.103.46.158:57608,157.240.217.61:443,157.240.217.61:443,175.103.46.158:57608,,established,,23h59m55s,speedtest.c,2,141,0,0,2,145,0,0,0,0,False,True,True,True,False,False,False,False,,,,2023-11-30 15:45:05 WIB
*3DA56,tcp,175.103.46.158:61692,20.212.88.117:443,20.212.88.117:443,175.103.46.158:61692,,established,,23h59m55s,,1,41,0,0,1,52,0,0,0,0,False,True,False,True,False,False,False,False,,,,2023-11-30 15:45:05 WIB
*3DA57,tcp,175.103.46.158:48766,216.239.32.3:443,216.239.32.3:443,175.103.46.158:48766,,established,,23h59m55s,speedtest.c,4,616,0,0,5,384,0,0,0,0,False,True,True,True,False,False,False,False,,,,2023-11-30 15:45:05 WIB
*3DA58,udp,146.196.111.217:5678,255.255.255.255:5678,255.255.255.255:5678,146.196.111.217:5678,,,,5s,speedtest.c,1,162,0,0,0,0,0,0,0,0,False,False,False,True,False,False,False,False,,,,2023-11-30 15:45:05 WIB
*3DA59,tcp,175.103.46.158:55268,157.240.211.61:443,157.240.211.61:443,175.103.46.158:55268,,established,,23h59m55s,speedtest.c,2,136,0,0,2,146,0,0,0,0,False,True,True,True,False,False,False,False,,,,2023-11-30 15:45:05 WIB
*3DA5A,tcp,31.13.95.9:443,175.103.46.158:61948,175.103.46.158:61948,31.13.95.9:443,,established,,23h59m55s,speedtest.c,2,143,0,0,2,143,0,0,0,0,False,True,True,True,False,False,False,False,,,,2023-11-30 15:45:05 WIB
*3DA5B,tcp,175.103.46.158:62935,20.42.73.24:443,20.42.73.24:443,175.103.46.158:62935,,established,,1d20s,,1,40,0,0,0,0,0,0,0,0,False,False,False,True,False,False,False,False,,,,2023-11-30 15:45:05 WIB
*3DA5C,tcp,175.103.46.158:63686,52.25.237.147:8883,52.25.237.147:8883,175.103.46.158:63686,,established,,23h59m57s,speedtest.c,2,111,0,0,1,71,0,0,0,0,False,True,True,True,False,False,False,False,,,,2023-11-30 15:45:05 WIB
*3DA5D,udp,146.196.111.221:5678,255.255.255.255:5678,255.255.255.255:5678,146.196.111.221:5678,,,,6s,speedtest.c,1,178,0,0,0,0,0,0,0,0,False,False,False,True,False,False,False,False,,,,2023-11-30 15:45:05 WIB
*3DA5E,tcp,175.103.46.158:33590,157.240.235.61:443,157.240.235.61:443,175.103.46.158:33590,,established,,23h59m56s,speedtest.c,2,141,0,0,2,145,0,0,0,0,False,True,True,True,False,False,False,False,,,,2023-11-30 15:45:05 WIB
*3DA5F,tcp,185.233.19.253:58914,175.103.46.158:8089,175.103.46.158:8089,185.233.19.253:58914,,syn-sent,,12s,,1,44,0,0,0,0,0,0,0,0,False,False,False,True,False,False,False,False,,,,2023-11-30 15:45:05 WIB
*3DA60,tcp,175.103.46.158:62986,20.189.173.23:443,20.189.173.23:443,175.103.46.158:62986,,established,,1d20s,,1,40,0,0,0,0,0,0,0,0,False,False,False,True,False,False,False,False,,,,2023-11-30 15:45:05 WIB
*3DA61,tcp,175.103.46.158:58340,20.24.125.47:443,20.24.125.47:443,175.103.46.158:58340,,established,,23h59m57s,speedtest.c,8,655,0,0,6,6458,0,0,0,0,False,True,True,True,False,False,False,False,,,,2023-11-30 15:45:05 WIB
*3DA62,tcp,175.103.46.158:62937,52.168.112.67:443,52.168.112.67:443,175.103.46.158:62937,,established,,1d20s,,1,40,0,0,0,0,0,0,0,0,False,False,False,True,False,False,False,False,,,,2023-11-30 15:45:05 WIB
*3DA63,tcp,175.103.46.158:36876,64.233.170.100:443,64.233.170.100:443,175.103.46.158:36876,,close,,8s,speedtest.c,91,7388,0,0,91,121262,0,0,0,0,False,True,True,True,False,False,False,False,,,,2023-11-30 15:45:05 WIB
*3DA64,tcp,175.103.46.158:48248,43.134.120.219:799,43.134.120.219:799,175.103.46.158:48248,,close,,8s,speedtest.c,33,35787,0,0,17,3856,0,0,0,0,False,True,True,True,False,False,False,False,,,,2023-11-30 15:45:05 WIB
*3DA65,tcp,43.198.50.186:23006,175.103.46.158:46472,175.103.46.158:46472,43.198.50.186:23006,,established,,23h59m57s,speedtest.c,2,136,0,0,1,84,0,0,0,0,False,True,True,True,False,False,False,False,,,,2023-11-30 15:45:05 WIB
*3DA66,tcp,175.103.46.158:50441,64.233.170.95:443,64.233.170.95:443,175.103.46.158:50441,,established,,23h59m58s,speedtest.c,10,2582,0,0,11,2546,0,0,0,0,False,True,True,True,False,False,False,False,,,,2023-11-30 15:45:05 WIB
*3DA67,tcp,175.103.46.158:48134,23.106.127.34:443,23.106.127.34:443,175.103.46.158:48134,,established,,23h59m57s,speedtest.c,8,2735,0,0,6,1043,0,0,0,0,False,True,True,True,False,False,False,False,,,,2023-11-30 15:45:05 WIB
*3DA68,tcp,175.103.46.158:36408,216.239.32.3:443,216.239.32.3:443,175.103.46.158:36408,,established,,23h59m57s,speedtest.c,4,614,0,0,7,553,0,0,0,0,False,True,True,True,False,False,False,False,,,,2023-11-30 15:45:05 WIB
*3DA69,tcp,175.103.46.158:58300,20.42.73.24:443,20.42.73.24:443,175.103.46.158:58300,,established,,1d20s,,1,40,0,0,0,0,0,0,0,0,False,False,False,True,False,False,False,False,,,,2023-11-30 15:45:05 WIB
*3DA6A,tcp,157.240.211.61:443,175.103.46.158:54930,175.103.46.158:54930,157.240.211.61:443,,close-wait,,8s,,2,104,0,0,1,52,0,0,0,0,False,True,False,True,False,False,False,False,,,,2023-11-30 15:45:05 WIB
*3DA6B,icmp,54.222.230.41,175.103.46.158,175.103.46.158,54.222.230.41,,,,8s,speedtest.c,1,36,0,0,1,36,0,0,0,0,False,True,False,True,False,False,False,False,0,8,23,2023-11-30 15:45:05 WIB
*3DA6C,tcp,175.103.46.158:51703,54.187.195.115:80,54.187.195.115:80,175.103.46.158:51703,,syn-sent,,13s,,2,104,0,0,0,0,0,0,416,0,False,False,False,True,False,False,False,False,,,,2023-11-30 15:45:05 WIB
*3DA6D,udp,175.103.46.158:50515,40.81.120.44:3544,40.81.120.44:3544,175.103.46.158:50515,,,,8s,speedtest.c,1,89,0,0,1,137,0,0,0,0,False,True,False,True,False,False,False,False,,,,2023-11-30 15:45:05 WIB
*3DA6E,icmp,52.81.58.128,175.103.46.158,175.103.46.158,52.81.58.128,,,,8s,speedtest.c,1,36,0,0,1,36,0,0,0,0,False,True,False,True,False,False,False,False,0,8,23,2023-11-30 15:45:05 WIB
*3DA6F,icmp,71.136.111.69,175.103.46.158,175.103.46.158,71.136.111.69,,,,8s,speedtest.c,1,36,0,0,1,36,0,0,0,0,False,True,False,True,False,False,False,False,0,8,23,2023-11-30 15:45:05 WIB
*3DA70,icmp,51.16.13.101,146.196.111.218,146.196.111.218,51.16.13.101,,,,9s,speedtest.c,1,36,0,0,1,36,0,0,0,0,False,True,False,True,False,False,False,False,0,8,15,2023-11-30 15:45:05 WIB
*3DA71,tcp,175.103.46.158:43210,104.22.20.162:443,104.22.20.162:443,175.103.46.158:43210,,established,,4m59s,speedtest.c,8,1399,0,0,6,3416,0,0,0,0,False,True,True,True,False,False,False,False,,,,2023-11-30 15:45:05 WIB
*3DA72,udp,146.196.111.218:51637,10.79.16.9:1812,10.79.16.9:1812,146.196.111.218:51637,,,,10s,,1,210,0,0,0,0,0,0,0,0,False,False,False,True,False,False,False,False,,,,2023-11-30 15:45:05 WIB
*3DA73,tcp,175.103.46.158:51975,52.168.117.170:443,52.168.117.170:443,175.103.46.158:51975,,established,,1d20s,,1,41,0,0,0,0,0,0,0,0,False,False,False,True,False,False,False,False,,,,2023-11-30 15:45:05 WIB
*3DA74,icmp,51.16.43.118,146.196.111.218,146.196.111.218,51.16.43.118,,,,9s,speedtest.c,1,36,0,0,1,36,0,0,0,0,False,True,False,True,False,False,False,False,0,8,15,2023-11-30 15:45:05 WIB
*3DA75,udp,175.103.46.158:63051,157.240.7.26:443,157.240.7.26:443,175.103.46.158:63051,,,,9s,speedtest.c,1,58,0,0,1,76,0,0,0,0,False,True,False,True,False,False,False,False,,,,2023-11-30 15:45:05 WIB
*3DA76,tcp,175.103.43.90:59906,146.196.111.218:8278,146.196.111.218:8278,175.103.43.90:59906,,established,,23h59m59s,speedtest.c,3,173,0,0,2,92,0,0,0,0,False,True,True,True,False,False,False,False,,,,2023-11-30 15:45:05 WIB
*3DA77,icmp,51.16.21.67,146.196.111.218,146.196.111.218,51.16.21.67,,,,9s,speedtest.c,1,36,0,0,1,36,0,0,0,0,False,True,False,True,False,False,False,False,0,8,15,2023-11-30 15:45:05 WIB
